1,0.005898107189070467
2,-0.004427558560445077
3,-0.0007812734757655093
4,-0.011547830270953074
5,-0.006936627217134728
6,-0.015164976563218024
7,0.021682324394948216
8,0.02368845720549273
9,0.006870705808869504
10,0.00029540352120993596
11,0.003026991908333887
12,0.005520469902398073
13,-0.005153431717029755
14,0.0024281846008946673
15,-0.010966425415094627
16,0.006026421255751924
17,0.012629839471199222
18,-0.0020690057116213856
19,-0.009169221784202097
20,0.011464442545165321
21,0.008784965034964953
22,0.00532905853299237
23,-0.001867494110210921
24,0.00578567110906425
25,-0.0004292828115162184
26,-0.011266355541558082
27,-0.033272040192856234
28,-0.004163608860399126
29,-0.0005414266592471684
30,0.024362350462719062
31,0.0032170872873638068
32,-0.012094943844903616
33,-0.002445640090711021
34,-0.012674214733588873
35,-0.024289304579451887
36,0.0009254260815916293
37,-0.006456583712150299
38,-0.03599789068800796
39,0.012790604134824246
40,-0.01787132644956313
41,-0.043154063890012195
42,0.015247561573440205
43,-0.011488702775603987
44,0.035085650760497966
45,-0.007957430189416081
46,0.005954431376408609
47,0.011903597169226732
48,-0.0298923552919943
49,0.0030730386538428967
50,-0.008660947901831584
51,0.016437532365567886
52,0.006688908245270797
53,0.013011395174192808
54,0.023190601279592604
55,-0.0018428098913214619
56,-0.008457860603096057
57,-0.014720626382545343
58,0.006670758495929796
59,0.009338146811070924
60,-0.043429189120447576
61,0.012596593269630363
62,0.01181625720053181
63,0.005904011159229894
64,0.023122692165051584
65,0.0035145230177615616
66,0.003690674372585301
67,-0.006931731055093815
68,0.019096839252513043
69,0.021321005596957265
70,-0.006373283679246611
71,0.007084526784082001
72,-0.002965159377316562
73,0.017707305970715348
74,-0.0002832776717556218
75,0.012542317271412085
76,0.006421775120040163
77,0.0017269135079760467
78,-0.017210144927536253
79,0.004638025865913553
80,0.01484122991329051
81,-0.0054968287526426796
82,-0.0026683087027914443
83,-0.008996560138770593
84,0.0023585605363871665
85,-0.0027821763130244648
86,0.002715737923870254
87,0.01351231352119342
88,-0.0006279113914808843
89,0.012916800607849277
90,0.011944260119442607
91,-0.0011261582323591757
92,0.009590272723380533
93,0.0036894109664560304
94,-0.0073798659230465136
95,-0.006257094211123748
96,0.007510101514870415
97,0.004988308651597828
98,0.007318414484538405
99,-0.010652892099221711
100,0.00846126636009914
101,0.003227028468003379
102,-0.005020768359369598
103,0.0040059597436186145
104,-0.019249884500692982
105,-0.004153938390384471
106,-0.008815561257400018
107,0.0002458494822699109
108,-0.0012578616352201255
109,-0.0071513361707056244
110,0.015586725766942866
111,0.0011629075560275481
112,-0.005248515788567887
113,0.014819513320262878
114,0.010043184271833594
115,0.005794410924996107
116,-0.0012724603230092058
117,0.0008260528673835754
118,0.005511800008393575
119,-0.005064206909025093
120,0.0028805951365484805
121,0.011098871986502834
122,0.001613459284286023
123,0.009637625289128815
124,0.0007363770250368162
125,-0.0046057831193960785
126,0.0055169203811193945
127,0.00846823052102752
128,-0.0028215409123433233
129,-0.0006092277699556448
130,0.014494913233720208
131,0.009694347634499056
132,0.002883025854658383
133,-0.004140677541439763
134,-0.0003442842198650986
135,0.011020889353979824
136,0.0007992138879791
137,0.010630220197418438
138,-0.0009715277597864835
139,-0.007131465321629116
140,0.0053021299936009125
141,-0.03569804751945327
142,-0.0003233150570517429
143,0.01980945193849637
144,-0.040963568851830834
145,0.0038579715336815035
146,0.012503946086168893
147,-0.01313577703069091
148,0.00565941839860451
149,0.021540478889784387
150,-0.014788468738300309
151,-0.015037593984962405
152,0.008598120539036191
153,0.0002732315090576698
154,-0.042284684094075264
155,-0.016742249222783112
156,0.02104484539072926
157,-0.03261409963209694
158,0.013406164192473202
159,-0.008490784745566304
160,0.016790881192459306
161,0.02785323157849362
162,0.006669742858341321
163,0.007208934077839846
164,0.008577772261525451
165,0.014985984822588394
166,0.009349193733076522
167,0.0023356690023357274
168,2.6631158455359127e-05
169,0.009267396340976397
170,-0.001886593313807805
171,0.0013878791884212038
172,0.0
173,0.00042238648363257525
174,0.008747625079164045
175,-0.005728860113792478
176,-0.0019995527316257755
177,0.010940486390298654
178,0.0336136645152878
179,0.0061307128530521116
180,0.012174174701287566
181,0.016846277715842906
182,0.0015958094774028986
183,0.002773014193454104
184,0.006719305267498754
185,0.009252677614062232
186,0.011758245693617164
187,0.02116664306951721
188,0.0017908723281341299
189,-0.0077273513638198565
190,-0.024757366188179253
191,0.0415827423872237
192,0.01941780900290646
193,0.015545902504181086
194,-0.016004244219461672
195,0.03811160533764668
196,0.0028132134471603454
197,-0.022086511798534825
198,-0.035053070591610114
199,-0.027990898384348983
200,-0.0028467574021573405
201,0.05365295456958474
202,0.006325925096568374
203,0.011493101913662596
204,0.023000010999526976
205,0.02854715926196727
206,-0.002519365663450457
207,0.007535265882747666
208,-0.010193785951298717
209,0.011065922633122005
210,-0.007296538821328413
211,-0.004313774762323419
212,-0.0015458063430638935
213,-0.012217084961400282
214,-0.010672893409674922
215,0.016758632581799437
216,0.03928219369746566
217,0.004365164356597395
218,0.003097169897539498
219,0.00895912210726646
220,-0.020106956164026357
221,-0.04430541760953477
222,-0.009867575212136881
223,0.01824379159227396
224,0.02321973199009575
225,-0.0018694306545083972
226,-0.01051963457016214
227,-0.0028813291971185873
228,0.027103700657027385
229,0.020617921573861997
230,0.006710329077757482
231,0.015569723982171713
232,6.888136660632149e-05
233,0.0027747439265577434
234,0.002305888355754515
235,0.01667188784900353
236,0.013721581881734446
237,-0.008862418784908344
238,0.0013129773918711951
239,-0.04654479326186822
240,-0.0030416495176527336
241,0.0006947660954144119
242,0.0003823591559926065
243,0.03125094295973674
244,0.01992626404494402
245,0.0010997312830516304
246,0.009533270924478865
247,0.013341660043147519
248,0.00557454199114793
249,0.009889405799927475
250,0.0008091507594982783
251,0.011098452831575623
252,-0.00044524406644141923
253,-0.007245256947537748
254,-0.0015383770122521234
255,-0.024211742695207206
256,0.005319648865580229
257,0.006927564414195508
258,-0.01915417111554707
259,-0.02217867893451475
260,-0.0026718554874683997
261,-0.04373780612096312
262,-0.10156622714861396
263,-0.06581102913762127
264,0.06837916938780442
265,-0.03393706135385999
266,0.070328794731785
267,-0.01526099141706072
268,-0.0013896609227348478
269,-0.02352351795157237
270,-0.008345494345129545
271,0.023235226488848015
272,0.031089538319793997
273,0.006298491849010768
274,-0.024668096073462986
275,-0.03313052360438773
276,-0.009243948371687072
277,-0.0526547595591047
278,-0.00792796319859057
279,0.014120461720599664
280,0.05640071504140698
281,0.02050166338594006
282,-0.0025492938681587196
283,0.0016737158754212
284,-0.02311061936911496
285,0.007165393461000535
286,-0.01422883174406464
287,0.011989709802460835
288,0.013619057478403862
289,0.0004312252471032618
290,-0.0008167061786089613
291,-0.009910656510041305
292,-0.05085192744284173
293,-0.022626511554862838
294,0.005030529256173866
295,-0.03520962207765055
296,0.001376673040152987
297,0.02456783523002115
298,-0.003540900506907807
299,-0.0561200952582821
300,0.02207339304113498
301,-0.05849585772814814
302,0.00012354661139113432
303,0.004117711650378775
304,-0.00036907430696053733
305,0.06107016368335416
306,-0.003221857078420043
307,-0.0012929083974400069
308,0.028195999741083666
309,-0.036588897422661026
310,-0.0021955905223676186
311,0.004728287207429016
312,0.0012514665623777343
313,-0.02404760044788179
314,0.022025373871049636
315,-0.006108863072705972
316,0.009797483648971816
317,-0.003550619082301587
318,0.008079357828101541
319,0.019758137607789328
320,0.005523108176739511
321,0.01721068249258173
322,0.017838079396211404
323,0.005146655283858825
324,-0.0037856267517624165
325,-0.00527373485171434
326,0.019333431286120195
327,-0.0013573410529604812
328,0.018367052370757087
329,-0.002633910116340732
330,0.013808294450628589
331,-0.0029319689748620315
332,-0.011797509284534491
333,-0.004481327800829771
334,-0.01102748535226028
335,-0.021241239794812627
336,0.0005413252626658149
337,-0.006098910557509329
338,0.009847828776444523
339,0.01911155759194383
340,0.009328492775226627
341,-0.009337557466473134
342,0.003775036668349996
343,-0.017905907152781064
344,-0.01524446016317682
345,-0.018539388460252382
346,-0.00461829652996848
347,0.011992292480097477
348,-0.013052737066265752
349,0.005140376707112759
350,-0.026795297564178644
351,-0.005683071453594812
352,-0.02929547322954862
353,0.014841103403774758
354,-0.011683357176919373
355,-0.03181879104677654
356,-0.01140705465418912
357,0.017294012210832932
358,0.0036477762330171526
359,-0.002962475312705659
360,0.012366567624078284
361,0.020055710306406738
362,-0.013946797032142966
363,-0.018304874094888124
364,-0.03371451375414547
365,-0.026873068542702105
366,-0.016844231106948326
367,0.012503535225733442
368,0.008806103997294867
369,-0.040032060623724885
370,-0.027416392148528312
371,-0.03981769085488618
372,0.048507705312438976
373,-0.03916279069767448
374,0.025639784425727008
375,0.009329326809621952
376,-0.006795934908660151
377,0.04249843063402392
378,0.0006774251821521915
379,-0.027514930874189547
380,-0.002908235876492693
381,-0.04260270572173275
382,-0.011554043104845313
383,0.03157532337655966
384,0.03238879265133576
385,0.012853866165853267
386,0.020092406833242205
387,0.0580768199290802
388,-0.0074067815703503515
389,-0.02044261597389707
390,0.004909556981274266
391,-0.03428546722776282
392,0.02963780984643849
393,0.0020146387419377465
394,0.01954175948158654
395,0.0019578633751862196
396,0.024000679665264757
397,0.0007467020658755708
398,0.0019620847841705924
399,0.002565021926800304
400,0.020027510316368735
401,-0.013943578402287105
402,-0.005032685101611034
403,-0.023751271407757568
404,-0.009010784783037185
405,-0.00527093456085026
406,0.010326358637434918
407,-0.029093273770816275
408,0.0074985439720443026
409,0.002211142423585555
410,0.0004326007959853939
411,-0.009700481420623297
412,-0.017014773306163966
413,0.033241530443022915
414,-0.002149582264513228
415,0.033936034237624035
416,-0.010278634330638692
417,-0.020588317848822535
418,0.02456044822101555
419,-0.00406987314862739
420,-0.014913635725319452
421,-0.021183782859097944
422,-0.016078762634353705
423,-0.039758429793658845
424,-0.004470341595757765
425,-0.018611997150908888
426,0.00023666771852326463
427,0.04561873964823726
428,-0.003982681370404362
429,-0.020341396180119098
430,0.006787260358688929
431,-0.010519203304719005
432,-0.030403203277772572
433,-0.037086834733893514
434,0.016855613550982307
435,0.007912116654678725
436,-0.03195147268716747
437,-0.05862346278859376
438,-0.006567355438090616
439,-0.034755813536851865
440,-0.06917480233119266
441,0.05854319953739684
442,0.011565920093431714
443,-0.049067987560753035
444,-0.015117690831473185
445,-0.05100011929852466
446,0.009826311047790748
447,0.03383957840574281
448,-0.04545545766521508
449,-0.03902110840131179
450,-0.10945567515533394
451,-0.030241985014126005
452,0.06323149414804674
453,0.060614724803431
454,0.05180392685447277
455,0.03428022212729598
456,-0.03774909654104286
457,-0.031246646779835463
458,0.024456702332690927
459,0.05442750567628929
460,-0.05565809441778424
461,-0.027406184850590654
462,-0.0159648104318314
463,-0.012366408749517777
464,-0.03770160363920427
465,-0.018646293422466376
466,-0.032478590891397374
467,0.03960371143352859
468,0.003797407120743168
469,-0.01669839280981189
470,0.024676534012938678
471,0.05823269161784039
472,-0.053966101694915336
473,-0.021355883617600657
474,-0.009275532122632324
475,0.005518872573174294
476,0.04510928158384808
477,-0.023234004642112005
478,0.018506072680140262
479,0.043810242028609725
480,0.0034995032963063277
481,0.00355479559925298
482,0.023360609797107967
483,0.02387889675115562
484,-0.029291567708667587
485,0.03480426732498665
486,0.00979828317038356
487,-0.01141181682030068
488,-0.0244100200571844
489,-0.01356021171427324
490,-0.018890514833045047
491,0.02094915254237284
492,0.020165128273236466
493,-0.003753688595729998
494,0.03687248175977342
495,0.022307175264661305
496,-0.0009245942058763168
497,-0.06574807197943444
498,-0.020229814211499608
499,-0.02929744546046864
500,-0.010947806966786322
501,0.029977534400449368
502,-0.030604594097198512
503,0.026320723761308562
504,0.006782525291740171
505,-0.014040738556457932
506,-0.028757448179078438
507,-0.002581898287419726
508,-0.015460245084069624
509,0.0273054007767084
510,0.027659724341966285
511,-0.007517079077843936
512,0.017104839080989143
513,-0.031801000430049076
514,0.0017766972133905767
515,0.004970596471576716
516,-0.00775571810054565
517,0.02066415482904671
518,0.02593204017058759
519,0.0052072857302492
520,-0.0020676775312374884
521,-0.008221009245850452
522,0.01729715158594658
523,-0.031356269045621166
524,-0.025509506223499012
525,0.0007018036353427792
526,0.0032727867779414055
527,-0.01852412796793812
528,-0.004843074877736053
529,0.008206498401641227
530,0.004401116842553732
531,-0.004499623068224712
532,-0.028373997207563173
533,-0.017828437819669807
534,0.005505133164707798
535,-0.022787807043504027
536,0.010700585503735205
537,-0.017753695565321692
538,0.014007168823245486
539,0.035198555956678534
540,0.02431463721786309
541,-0.005083222999810899
542,0.01466219909222688
543,0.004848002248348804
544,-0.002587111059317193
545,0.0424592232555967
546,-0.0028244155029029105
547,0.014094638642238921
548,0.0259797836495832
549,0.012747385705643488
550,-0.03592609975679473
551,0.015645054215534415
552,0.013029174020088519
553,0.0448650392515324
554,0.018216998415018226
555,0.025977439049043705
556,0.0033102796004018664
557,0.020817376617765504
558,0.03553358086919722
559,-0.036190688514844194
560,0.007209221635375185
561,0.00348312026333919
562,-0.003451958652782472
563,-0.010621399728245273
564,0.023637278037835108
565,0.016609977324262948
566,-0.005650662651722094
567,-0.032283390971118764
568,0.028801576263328688
569,0.0
570,0.04697797555342764
571,0.007388676673660832
572,-0.01080590319192487
573,0.019166396717417156
574,-0.012572619236813853
575,-0.016917326847761816
576,0.027959179961071667
577,-0.009361175013271938
578,-0.004644432932602083
579,0.01708512051111777
580,0.1622289273551778
581,0.004767182352316102
582,0.009851770145510086
583,-0.004189547080035272
584,0.008234039036557395
585,0.013904412750927575
586,-0.027045300878972278
587,0.040064054143880146
588,0.01318885628794697
589,0.026435759956418448
590,0.020754769686303964
591,-0.003475452903508258
592,0.004119181655910964
593,0.01411185559961714
594,0.0006472317359293989
595,-0.039832906616359076
596,0.027661604962528452
597,0.01954250597473539
598,-0.005813330475782363
599,-0.01244913906927858
600,-0.019277470053753243
601,0.012561730541837735
602,-0.037121503544540246
603,-0.026210655480409906
604,0.01359726882445167
605,-0.01467250675802656
606,0.0036237199612687565
607,0.013638556330307416
608,-0.009792045225116008
609,0.025836331066221963
610,0.009497849141786308
611,-0.024076730515005917
612,0.0097847076116091
613,0.006578853481369329
614,0.011724841920208728
615,-0.05434340886478606
616,0.0025636086125395696
617,-0.02592526900792247
618,0.0033231161421505284
619,-0.018496392976512732
620,-0.014299362075872901
621,0.0358292949820227
622,0.03700461803145094
623,0.0019937712838724586
624,0.028946565772465016
625,0.025055050533566714
626,-0.0077114804665445735
627,-0.010533035429300952
628,0.022791023842917202
629,0.011902639698320172
630,0.0049733714579973665
631,0.004894822006472621
632,-0.010869127651865873
633,0.00968621545724635
634,0.01148776653633754
635,0.01586036502749666
636,-0.004602751189915932
637,0.005543586779465093
638,-0.022143547670681718
639,-0.02109524254852979
640,-0.01053608472540668
641,0.006275862068965576
642,-0.0018504557604002159
643,0.032175226586102834
644,-0.002275055545946869
645,-0.03823074461275866
646,0.01649913344887355
647,-0.016013094182636523
648,0.012156748589567723
649,0.013736338984907892
650,0.021210197106226625
651,0.003955497347567727
652,0.0069179074976939425
653,0.002918275207747234
654,0.008481432187687599
655,-0.006249353069040509
656,-0.009647809387409723
657,-0.003746844762305468
658,-0.001187664128584398
659,0.014097160749910964
660,0.02248684141956314
661,0.0014143370454371418
662,-0.0010815212550736586
663,-0.0007769908799103442
664,-0.002116078371384389
665,-0.0013029981732477491
666,0.016385474360122387
667,0.011653662219984984
668,0.0009454382603935052
669,0.005505704556187929
670,0.005932884246956371
671,-0.01006327947410457
672,0.0031278703175037226
673,0.0001113613303966865
674,0.0075964714761156404
675,0.011443867339546276
676,9.711920168031796e-05
677,-0.017564729731370132
678,0.0003088936664441544
679,-0.0012351931224446888
680,0.004093545554607392
681,-0.0073777558812661015
682,0.01749575014579796
683,0.0
684,0.014524213119352147
685,0.0014063852293488832
686,0.007082067963845473
687,-0.00041716826183868516
688,-0.009563102165410564
689,-0.015241626736654634
690,0.003655435473617352
691,-0.009013947256227506
692,-0.026439677954643304
693,-0.0027523862431189094
694,-0.016825766591547886
695,-0.007649020693562658
696,-0.03262265938258313
697,0.029175441655823642
698,0.016565872477973143
699,0.013000833386755506
700,0.019326912123935447
701,0.0019618555676963467
702,0.023843160581951572
703,-0.011329250284441539
704,0.007431257804657143
705,0.011617591658666493
706,-0.0003363565379300715
707,0.0009733588088971512
708,-0.013313644985473827
709,0.00928348075776575
710,0.008004629183141931
711,-0.0004544584768466642
712,0.0013639953097706048
713,-0.015114945275534142
714,-0.012690016620767519
715,0.018775881348226164
716,0.01711515034555955
717,0.0018262024475856897
718,0.005456783693567724
719,-0.001954251674652241
720,-0.009235995612017489
721,0.013167607210038845
722,-0.003830787309048178
723,0.004612263193903843
724,-0.003604767216579652
725,-0.00272219472530566
726,-0.013754475521996712
727,0.0009944526317051672
728,0.002908577310702931
729,-0.008688491329410741
730,-0.0049842886553255195
731,0.0087722482364756
732,0.025488173487501875
733,0.005965121583213495
734,0.0023021381980534716
735,-0.00078881735398173
736,0.005166188745835187
737,0.008904853202744034
738,0.011081474019209558
739,0.0014945482954222822
740,-0.0025098074683729266
741,-0.0014167356144665355
742,0.006174380859419237
743,-0.00920473773265651
744,0.005442083931051833
745,0.007892472144215734
746,0.003977125908615875
747,0.007038707294965585
748,-0.006733931905058221
749,-0.0035016669277069257
750,-0.024788656495234207
751,-0.007482875726702365
752,-0.007469697848402235
753,-0.03577146463170933
754,0.0029087383347472517
755,0.0044833836858007015
756,0.009684676555864247
757,-0.013833615327788817
758,0.017845707726696247
759,-0.017188575769806147
760,-0.02803343237432654
761,0.01084835907695747
762,0.009023184913824922
763,-0.005921052631578938
764,0.010760595141799723
765,-0.006644679406344056
766,0.009386748693911429
767,0.008924576445406673
768,-0.006160779566348196
769,-0.01040799835980577
770,-0.002059619275111446
771,-0.0011113146485925984
772,-0.002212876250091589
773,-0.0020339896830162685
774,0.013554827065453745
775,0.01568727211057408
776,0.013727548123941613
777,0.0029412802804804627
778,0.0018534376576300193
779,0.004098120718927456
780,-0.008244417235146684
781,0.0003292258489324684
782,-0.0002233297287130842
783,0.00011756821895914094
784,-0.004690420492082903
785,0.009507724287806552
786,0.0071484562376422645
787,0.0005575949073000075
788,0.0040403102215202935
789,-0.010464847363552243
790,0.001998247151621335
791,0.0014927810043616763
792,0.004483312760556135
793,0.0018548789111860753
794,-0.0017935870584014912
795,1.1592321246478576e-05
796,0.007407407407407307
797,0.01350915953235754
798,0.0014532573400849458
799,0.003321769494138538
800,-0.009774121741488617
801,0.006470091516991294
802,-0.0034806861600209515
803,-0.002582656381550419
804,-0.00546385755187262
805,-0.0039340276184794964
806,-0.011986873164833933
807,0.006887790778984604
808,0.005706348747033907
809,0.0028082128717430432
810,0.002846256254877666
811,0.0033875028610665936
812,-0.001254619280076641
813,-0.01443482630244608
814,0.005364881462770255
815,0.006880654641848727
816,-0.0061468372976809516
817,-0.014604088684134653
818,-0.0014843905232769794
819,-0.0034531195130516057
820,-0.017501615081928712
821,0.027819953374379924
822,-0.011306006606802255
823,0.0032705882352941362
824,0.006261872933230217
825,-0.01257399897450262
826,-0.005523231798708839
827,0.0009849878359935449
828,-0.02631953336178694
829,0.006587278394700968
830,-0.007705427669380205
831,0.002243027111371143
832,-0.026491193928189216
833,0.017154351682950653
834,0.013560821019272584
835,0.014797309580076412
836,0.009506066685774472
837,-0.0183362513604316
838,0.009797305439733783
839,0.015132167790440798
840,0.002421734479150839
841,-0.01722783192015853
842,-0.009069212410501182
843,0.00481695568400764
844,0.013650527325024031
845,0.004327315291029699
846,0.012196126905644977
847,0.0036636000976959515
848,0.0011935663298414667
849,0.005636639312954994
850,-0.0036024215638884582
851,0.013872685479306535
852,-0.004557158156173857
853,0.0025293565591595346
854,-0.0016895941549174287
855,-0.0014866147495053994
856,0.014521799878603137
857,-0.010272619517977088
858,0.008428856572569199
859,-0.007770262628090441
860,-0.0008663239367583397
861,-0.0006617152114637426
862,0.007774593860240042
863,-0.006298570360468547
864,0.0087667297476004
865,0.008408014736627889
866,0.0029474061705012655
867,0.003720919838201553
868,-0.0026940674852773405
869,-0.002411117932689666
870,0.004833890946525088
871,-0.00024498613601198205
872,-0.0031633232715890802
873,0.0054528185932174456
874,0.006556794061100435
875,-0.0011924083336092295
876,-0.005692809373791019
877,0.002534741523068318
878,-0.003171505245181616
879,-0.00093445467894826
880,-0.0033961339747016206
881,0.010804107124900986
882,0.002730186802254897
883,0.0035274535092650883
884,-0.0019003262409790223
885,-0.000737365733403661
886,0.00876680947608377
887,-0.004792942692127045
888,-0.004892818746297545
889,0.002050535785156793
890,0.006975157876207394
891,-0.004796346473210367
892,0.0008892401936568817
893,0.009224525611495116
894,0.006803534360022123
895,-0.0004965618489373158
896,0.0056592973399141044
897,-0.0066369543038178325
898,-0.0092651653567144
899,0.0023461370580533103
900,-0.009112187687115636
901,0.001472236260959603
902,-0.00446506933473767
903,0.014590335555678013
904,0.0016292128729540334
905,0.0027543131025058454
906,0.015171996150227685
907,0.003909412416378988
908,0.001825069235911414
909,0.004151882645766047
910,0.015378611283976884
911,0.003178725393445214
912,0.006782574478880754
913,-0.007641988768436581
914,0.010851652622742014
915,0.010970983287193592
916,-0.0008215010141988666
917,-0.003420659974218032
918,-0.0035749933796419553
919,0.008719117662090659
920,0.004904543796359961
921,0.0004537754114231074
922,-0.00697489240321314
923,-0.00018270216502080938
924,0.01901464930002139
925,0.004154379532955943
926,0.0013989066701061148
927,0.008787920819545603
928,-0.007493542589446345
929,-0.004007599596271394
930,0.00641808987312853
931,-0.00740382432205644
932,0.01876696933833255
933,-0.007233784997461856
934,-0.016923152564039534
935,0.0006001560405706208
936,-0.005288202011316079
937,-0.005869051806441816
938,0.018166011261511628
939,-0.0034154768760300547
940,0.005628947735469403
941,-0.003140510605415092
942,-0.008825107829301904
943,-0.004872962079130572
944,0.0021259874254393463
945,0.016087030836827276
946,0.0015634431371773783
947,0.005957497258365585
948,0.015664898841092123
949,0.0006768843978146588
950,0.004648016620766304
951,-0.0023373025796896707
952,-0.012851537267529745
953,-0.02093954487742944
954,0.006085030824172444
955,-0.021158879987308588
956,0.0008002268997790996
957,-0.018117225534154513
958,0.017791796806547744
959,-0.012112987026140165
960,-0.011892434976061295
961,-0.015812245152052706
962,-0.013778635208788081
963,0.012602886157135229
964,0.00949023002459648
965,0.01984774333877115
966,0.008182433402374567
967,-0.008217729140392871
968,-0.0017740678452767833
969,-0.004746103982823491
970,-0.01436814236021522
971,-0.028348815046759235
972,0.015994481688258455
973,0.011096259520930074
974,0.009064965586704776
975,-0.010085676260189635
976,0.007278953007163302
977,-0.0004483884086381451
978,0.00876314471707551
979,-0.0014685198974104807
980,-0.0013567537336620639
981,0.0038891135932297427
982,-0.0024793900700427196
983,-7.249528780617354e-05
984,0.009528642893393169
985,0.006381385232530512
986,0.007401139734741546
987,0.005332982523603924
988,-0.0020534294284620946
989,-0.010893465937745872
990,-0.007760396483857179
991,-0.02349410591874701
992,-0.02411198231858136
993,-0.002426556231396426
994,0.018356955210326653
995,-0.014873085130099772
996,-0.015744213112634187
997,-0.002868560792686381
998,0.00981630120892052
999,-0.00315330498983335
1000,0.003021477578891041
1001,-0.001087500271875097
1002,0.00783852635704485
1003,-0.008468900555231418
1004,-0.01645059374659552
1005,-0.01916260522817903
1006,-0.0006549971767362273
1007,-0.016374361524205794
1008,0.002343669220959965
1009,0.015484773115407746
1010,-0.020395494254949242
1011,-0.001716767867635971
1012,-0.01763578864753823
1013,-0.018187372230185295
1014,-0.0033506449991623777
1015,0.018286386667627053
1016,0.029548750722211192
1017,0.004317700280593417
1018,0.0015394790858915819
1019,0.01107859769774655
1020,-0.016824324324324236
1021,0.00868210661352009
1022,-0.009027525436046457
1023,-0.0056606584239534685
1024,-0.03170267934312887
1025,0.0060815957345521365
1026,0.004826403264919676
1027,0.03404636050057097
1028,0.0020379119940798773
1029,0.0006930715567978751
1030,-0.012988929889298895
1031,0.010134474468256549
1032,0.0031203024643555732
1033,-0.005017823490679696
1034,-0.008785541508831152
1035,0.012880723806892647
1036,-0.014762537929153385
1037,0.011938542459685841
1038,-0.009016402785851918
1039,-0.01115737652119897
1040,-0.002117066815559121
1041,0.008672743804350347
1042,0.010828614353403543
1043,0.007614300250379902
1044,0.0196748096626691
1045,0.005552650027262462
1046,0.006794590885952578
1047,0.010870520993624844
1048,0.006089008252780914
1049,0.0029396189302814957
1050,0.014471826812211042
1051,0.0033246940856561658
1052,-0.0008998803688450296
1053,0.0018543635824184168
1054,-0.009064274910890902
1055,-0.008837656099903834
1056,0.018823630763929122
1057,-0.010717683120177512
1058,-0.015128851660327403
1059,0.0018876111954870822
1060,0.016674968057690975
1061,0.003589153726542671
1062,-0.0006791820101664792
1063,-0.0007433602004948137
1064,-0.0035814106719662675
1065,-0.00800981228668951
1066,-0.007558408326075905
1067,-0.009024332112755551
1068,-0.022225137472259515
1069,-0.005221377459749599
1070,-0.013048902476031854
1071,0.015908987382134532
1072,0.0007958838233810273
1073,-0.0012992831541218663
1074,0.005046879906688728
1075,-0.012520365121521104
1076,0.010339917732676396
1077,-0.007661592492757885
1078,-0.00905074276954998
1079,-0.004708879764328433
1080,-0.0007313867778984129
1081,0.00911471735227165
1082,-0.016693488066365836
1083,0.0020630438540885088
1084,-0.006739970555760033
1085,0.008580559994441739
1086,0.012594863316456095
1087,0.0026871966982628948
1088,0.01611389413454245
1089,0.005542077500055864
1090,-0.007802470228872482
1091,-0.005499102073596607
1092,0.001704838601135128
1093,0.005475310715485238
1094,-0.003719417810888692
1095,-0.0011065779913932428
1096,-0.005706868383949182
1097,0.0003488790852614887
1098,0.0036450774578959955
1099,-0.008418244386902973
1100,-0.008670585575401346
1101,-0.006135039284777544
1102,-0.021685502839768223
1103,0.0011962704509471678
1104,-0.002307683296824403
1105,0.005307032992837968
1106,0.02595127420522747
1107,0.01073493921041857
1108,0.003378873033214269
1109,0.008519761581375462
1110,0.006822785655454799
1111,-0.00019898517560434925
1112,0.005992857221835068
1113,-0.0026488464878052786
1114,-0.00039672918824806835
1115,0.015996736709809722
1116,-0.011512961576440217
1117,-0.006970668305962935
1118,-0.014094471650766605
1119,0.01101069674612587
1120,0.003792919882885437
1121,-0.0023975251353441918
1122,-0.0010853554539110855
1123,0.0064305116691611985
1124,-0.008956210410355214
1125,-0.004979880393944258
1126,0.01532721138592863
1127,0.007360869660893776
1128,-0.0159248539129484
1129,-0.0030078692964250475
1130,-0.010331084541224222
1131,-0.004690769196157296
1132,0.0037974254359693926
1133,-0.010786223358141056
1134,-0.007660000682912282
1135,-0.010953593466840994
1136,-0.021117695492340438
1137,-0.016585712593294666
1138,-0.010312010601132404
1139,0.01814884241789816
1140,-0.004184350529021441
1141,-0.010420793565039776
1142,-0.009717689592002698
1143,0.0
1144,-0.02135349030946021
1145,-0.0171125270708411
1146,0.011386214274797357
1147,0.010124669437098666
1148,-0.010122921185827916
1149,-0.010226442658875068
1150,-0.019837129405776754
1151,0.0326621749685192
1152,0.015336844884156431
1153,0.008060222615672297
1154,-0.0019037559262079506
1155,0.007395739758561559
1156,0.012997166031466723
1157,0.004208469998070896
1158,-0.015790674495959278
1159,-0.021314755618457415
1160,-0.0009100542292589386
1161,0.011092810261785324
1162,0.011217928940775668
1163,0.0019770563827190557
1164,-0.008050960999732126
1165,0.01737454107881775
1166,0.001870715458144323
1167,-0.037681753020683995
1168,-0.010527897049434798
1169,-0.009438020293008664
1170,0.02433074486563802
1171,-0.005635839952120358
1172,0.009354349270837226
1173,-0.011528666376793617
1174,-0.018889740721655945
1175,-0.015243902439024404
1176,-0.005684626791893188
1177,0.024098277012441605
1178,0.016338992577830558
1179,0.0009929862490258845
1180,0.021786355588482742
1181,-0.0025315833456225345
1182,0.007983638469309717
1183,-0.0016867528784804131
1184,-0.014851363925755479
1185,0.01748629805003543
1186,-0.008831073653352894
1187,-0.008059447669044983
1188,0.005466313840955195
1189,0.013529709759924735
1190,0.03129419222704444
1191,-0.0032744252024352605
1192,-0.010709457055432914
1193,0.00015584726967565743
1194,0.0019777532722826674
1195,0.005132008661012488
1196,0.00046416414748517987
1197,-0.013299865573809577
1198,-0.011152237078475569
1199,-0.006425418810504846
1200,-0.019045047919402203
1201,-0.007881009269568029
1202,-0.01782899796996551
1203,-0.0065986263559919545
1204,-0.0233778317674882
1205,0.005822262213518226
1206,-0.021167710361521763
1207,0.011478031799792898
1208,-0.005487861594270282
1209,0.02601410934744286
1210,-0.009258897527054
1211,0.0019058885383806956
1212,0.017671367661528325
1213,0.021528386531222576
1214,-0.0010979026273945092
1215,0.0032467942644178738
1216,-0.021873268523648792
1217,-0.013620856131316361
1218,-0.020830886095774992
1219,0.004278801935458043
1220,-0.008096413686920934
1221,-0.004389016753198138
1222,-0.01942099887102844
1223,-0.012102687810962243
1224,-0.016593595649037174
1225,0.02734198645598207
1226,0.00922848746189131
1227,-0.0037964348891005306
1228,0.011815164387865229
1229,-0.00637183433230748
1230,-0.00980924949730988
1231,-0.010016190554595128
1232,-0.0027303470451269796
1233,0.0013202696129526181
1234,0.02728660652324777
1235,-0.0015537181150021562
1236,0.0002976955656892599
1237,-0.0003652449170081784
1238,0.001759229186965472
1239,0.02270823764623242
1240,0.005323153737435193
1241,-0.002128498226251496
1242,0.007847474587875825
1243,0.001554661371237609
1244,0.01743996452004226
1245,-0.004666666666666597
1246,0.012919264258848928
1247,0.00527727972125791
1248,0.0
1249,0.016242062387735068
1250,0.008688291966441719
1251,0.008280270497063036
1252,-0.021919786554395526
1253,0.021785374643375377
1254,0.008498965183634022
1255,0.007043023156974471
1256,0.010104785906355884
1257,0.00922775728491465
1258,-0.006635755009344546
1259,0.008025624843714496
1260,0.009367432520229091
1261,-0.003276846737196859
1262,0.001502911891790415
1263,0.005791596323391435
1264,0.021436064809418287
1265,0.0010156455054832758
1266,0.006418294990766071
1267,0.007578074557379244
1268,-0.02397976391231016
1269,-0.004135134823824993
1270,-0.008871359504036502
1271,-0.02789091036398217
1272,0.02243670544171139
1273,0.00400375719149948
1274,-0.007437639601922563
1275,0.002533136966126559
1276,-0.01387942178869439
1277,-0.010499469663564187
1278,-0.001071927542515727
1279,0.022160865214193803
1280,0.006228104320747274
1281,0.01228532911318192
1282,0.005882829780088805
1283,-0.015496022380585117
1284,-0.011623691749985343
1285,-0.011606582979378
1286,0.004800095762508949
1287,0.017595692212387215
1288,-0.024725467700016268
1289,0.008870909658367898
1290,-0.016895710631209426
1291,0.009028744326777582
1292,-0.009451727819025924
1293,-0.001138248792124208
1294,0.02360314708627831
1295,0.005957174664834808
1296,0.008511990958217197
1297,-0.00487964324904866
1298,-0.016024588240814652
1299,0.0006676363289539466
1300,-0.004122286558486454
1301,0.008888835718045884
1302,-0.011146553461953479
1303,0.004113153697641092
1304,0.010843862708099561
1305,0.0023392641950803483
1306,0.004219707685054086
1307,-0.007875771731730596
1308,-0.01691767127663346
1309,0.0022022455684320708
1310,-0.004250720461095092
1311,-0.0031715023032584666
1312,-0.0004838924307126735
1313,0.011425390024569548
1314,-0.0016872688980100747
1315,-0.010224630211205232
1316,-0.018843932035895405
1317,0.005949368651023912
1318,-0.020221107007447836
1319,-0.007225958347422123
1320,-0.0010343870625929563
1321,-0.00791746641074853
1322,-0.005434990135556483
1323,0.006654892625867159
1324,-0.015637315975488786
1325,0.0020018597923232573
1326,0.002552105487026779
1327,0.003959835949653323
1328,-0.008874489364699145
1329,-0.005426637035505721
1330,0.014562980669299508
1331,0.0014725277539469062
1332,0.01290083363166783
1333,1.2622915640969623e-05
1334,-0.009403953447274738
1335,-0.0027523987920027304
1336,-0.01561441842041389
1337,-0.00029855008502177593
1338,0.003051314012672668
1339,0.024970550543035097
1340,0.009472088911341325
1341,0.003615663705742511
1342,-0.003216195664368704
1343,0.010717724890884295
1344,0.0007052884258456071
1345,-0.012735703245749574
1346,0.013826789404471018
1347,-0.013860578883000407
1348,0.006288599095544134
1349,0.005315639432832642
1350,0.009014810045073984
1351,-0.002564920720632191
1352,-0.004675484466318047
1353,0.0020891278818220282
1354,0.004107865390308829
1355,0.001277688366893237
1356,0.023459834848652106
1357,0.002457650486135332
1358,0.003779090626420123
1359,0.0038959182214597377
1360,0.005672849835629767
1361,-0.0030210410790781905
1362,-0.009469360699785767
1363,0.012344203721186053
1364,-0.005937485244818075
1365,-0.0109365537387337
1366,-0.0018849349277242355
1367,-0.005292596379382952
1368,-0.0028296753128967955
1369,0.004050399582833153
1370,0.004239386436379
1371,-0.005424193587184045
1372,-0.015889715218574185
1373,0.0025190154950172072
1374,-0.0041428676488612926
1375,-0.014474202441906336
1376,0.00615695873713662
1377,0.018829516539440316
1378,0.005445773738456561
1379,0.003732021471240632
1380,-0.000712242114031314
1381,-0.0023798593829277292
1382,0.010510892336009325
1383,0.008076789416290087
1384,-0.0010817493432234704
1385,-0.0027251523229248065
1386,-0.000763695810412468
1387,0.006281422037521356
1388,0.005043612413220266
1389,-0.0027984413744244208
1390,0.00024865901744175467
1391,0.008109003953879368
1392,-0.0019492948484599593
1393,-0.0003765015942488459
1394,-0.005190616871270426
1395,-0.007347373402744939
1396,-0.004433902668684819
1397,-0.007841775713242405
1398,0.004669852302345623
1399,-0.007939081660841563
1400,-0.0004358459042590468
1401,0.004893292313655095
1402,-0.007943012800424198
1403,0.002575722599535757
1404,0.016917316012069916
1405,0.005267234701781698
1406,0.003971217563450535
1407,0.006057242714778255
1408,-5.868200222991504e-05
1409,0.02084507042253536
1410,0.007887233259749937
1411,0.0017681549588191015
1412,-0.007265108122573194
1413,0.02229894814118083
1414,-0.0011669266070486461
1415,0.002123142250530785
1416,-0.0005380683346783988
1417,3.364737550470842e-05
1418,0.0103630429662529
1419,0.0041293416364180935
1420,0.0036812257486817934
1421,0.008767292272446658
1422,-0.0068786303882604205
1423,-0.010565315860067148
1424,0.005200173339111158
1425,-0.01015862488255126
1426,0.010341053760078767
1427,-0.0038575470863915218
1428,0.0012649379181786102
1429,-0.006959451222890989
1430,0.0017966945284513258
1431,0.010404366714938051
1432,-0.005677809137414003
1433,0.004213374136535553
1434,-0.004074241738343143
1435,0.0018625277161861131
1436,-0.009605169971671268
1437,-0.011374301675977527
1438,0.005594358174543901
1439,0.0056194297402698545
1440,0.008136169071381483
1441,0.00023280305969741732
1442,0.0037683151198102394
1443,0.006801669500695606
1444,-0.0022263165975742183
1445,-0.008826212642477849
1446,0.002317689850958038
1447,-0.004923383304751949
1448,-0.010206804536357472
1449,-0.0031115903933859324
1450,-0.001994478562172608
1451,0.0067857465450276155
1452,0.00299431416747975
1453,0.0005255154523904348
1454,0.004347194439167312
1455,0.015310664055545598
1456,0.015233210590916979
1457,0.0093590103413288
1458,0.0020961445911984455
1459,0.003500496259378094
1460,0.0022652585904350264
1461,0.005963370896203246
1462,-0.003364836926711967
1463,0.0016193046515318166
1464,-0.003307339546482324
1465,-0.0013570103366020714
1466,-0.0076010913298725225
1467,0.005295193675720178
1468,-0.00103217842853498
1469,0.007222062442079791
1470,0.005806021764649838
1471,-0.0018715959035182639
1472,-0.012535816618911122
1473,0.0017282212123153062
1474,0.00779552715654952
1475,-0.005336461239327073
1476,0.006788700372900358
1477,0.0010868877023404444
1478,0.009012427663409595
1479,0.006832142409427089
1480,0.0034862728008466792
1481,0.0017164009347148124
1482,-0.0025908340214698677
1483,0.0013453518094981298
1484,-0.004588720429107296
1485,-0.0013601204381457066
1486,-0.006456375280711968
1487,0.012253696514341383
1488,0.004589906341100347
1489,-0.010568235608882537
1490,0.004950546536177436
1491,0.002628664865927721
1492,0.00246694398282421
1493,-0.0069295716639208305
1494,-0.0015656267172644567
1495,-0.010581955636786544
1496,0.011041489551518069
1497,0.0003841003228519657
1498,-0.0048772388601788785
1499,0.0004901142904811806
1500,-0.0003856456437675293
1501,-0.0040456280107606934
1502,-0.003486253899788405
1503,-0.005389504648841692
1504,0.0009506506675680537
1505,-0.005244718347016786
1506,-0.006513552219805874
1507,-0.0010037266019582436
1508,0.0026614790983037206
1509,-0.00039443105984704463
1510,-0.008126353059113245
1511,-0.0006666164912318973
1512,0.0026574856097691946
1513,0.008047901107391287
1514,0.00026612164952832806
1515,-0.0163035959432567
1516,1.08184129388178e-05
1517,-0.002196114068112154
1518,-0.016165580649008304
1519,0.006854598752507046
1520,-0.019854647344687115
1521,0.00496929089893916
1522,-0.006578143230179578
1523,0.01540216771249292
1524,0.006928838951310912
1525,0.0068045816057500375
1526,0.012843498386413188
1527,0.00012873740787244792
1528,-0.005223920622150824
1529,-0.011192822791088797
1530,0.00888767720828798
1531,-0.005955790952818507
1532,-0.00555652211735036
1533,-0.015702054607284466
1534,-0.012175477965273296
1535,-0.007321105250728266
1536,-0.002039197915486568
1537,-0.0032239754796230535
1538,0.0009794319294809117
1539,0.009955399808856402
1540,0.0061396690211452665
1541,0.00967395198853449
1542,-0.0114442867281761
1543,-0.01762317149780135
1544,-0.002740570723853253
1545,-0.0012595467921633352
1546,-0.008655973768386782
1547,0.009957440902992998
1548,0.004946810337917551
1549,-0.008055970191770956
1550,0.005364486410733615
1551,0.018612675814947188
1552,0.0009534492428491248
1553,0.014579481145290618
1554,0.010515154192807241
1555,-0.0004372158097236678
1556,0.011350712973493327
1557,-0.007060528079925743
1558,0.006370259057201677
1559,0.004512108030903184
1560,0.011482738191414876
1561,-0.007657000457929053
1562,0.005687793779914685
1563,0.011087160662455187
1564,0.0035672446728793883
1565,-0.0035230152804215376
1566,0.0066487958291998606
1567,-0.016658978445022177
1568,0.00271869502638733
1569,0.023062200956937673
1570,0.00401168168449062
1571,0.003488432275762232
1572,-0.005188669513729982
1573,-0.006999243044826242
1574,-0.0044588780752682355
1575,-0.020695008233949208
1576,0.003727346728932046
1577,0.015110124637186084
1578,0.004341518795728083
1579,-0.002177075810385176
1580,0.0015419634334385979
1581,-0.019386258902387987
1582,-0.004731440045285029
1583,-0.0014487154722812035
1584,0.0008489967867082449
1585,-0.0006657360678622437
1586,-0.006941161301413867
1587,-0.0036138581722967578
1588,-0.016191034662496606
1589,-0.006103954877093143
1590,-0.012171827106747801
1591,0.01766200476683011
1592,0.006970912184182332
1593,-0.003686231486560665
1594,0.002642764331490799
1595,-0.027027917499505838
1596,-0.0021446389669612653
1597,-0.016865943463456934
1598,0.0010355301914579673
1599,-0.003356244684030285
1600,0.013470187982931536
1601,0.02662782493912008
1602,0.013556053115786337
1603,-0.006397567830623063
1604,-0.015287928150039543
1605,0.009914270066057718
1606,0.004006463465922927
1607,-0.007617178887958098
1608,0.008597611774507019
1609,-0.006288615513386775
1610,0.016635634171210834
1611,0.009702493213705532
1612,0.005344475755514555
1613,-0.012715595936164226
1614,0.0002610682040682377
1615,0.010842377710594597
1616,-0.003184473539822097
1617,-0.000356159948194823
1618,0.006402366608365018
1619,-0.01555543635680956
1620,-0.012303165694981688
1621,-0.005417273489562668
1622,-0.01050529702146552
1623,-0.015594520056503303
1624,-0.0024371633241087043
1625,-0.0058566323792996755
1626,-0.008968764354616465
1627,0.00194672012421937
1628,-0.02525819098615678
1629,-7.118873319633678e-05
1630,0.008661912502818003
1631,0.010081522698130563
1632,0.015710891642597646
1633,0.00720076135438541
1634,-0.03819400963103792
1635,-0.017127097980730643
1636,-0.003263526776574932
1637,-0.01666102841677941
1638,0.016378134637359043
1639,0.011496337129179413
1640,0.0025934291826517075
1641,-0.031898915246155735
1642,-0.0032014184746472774
1643,0.021024285396645137
1644,0.01041666666666674
1645,0.014224648873881973
1646,-0.03361076677882058
1647,0.01749370861736166
1648,0.023904430303758106
1649,0.012980617019030971
1650,0.03337269065147952
1651,0.005802556261271796
1652,-0.009689382886545084
1653,0.0010121571317716072
1654,-0.0021458504196205652
1655,0.0008106464905763833
1656,0.0076161547980651
1657,0.03338283073006809
1658,-0.014639627472800565
1659,-0.01712681739435551
1660,0.00046854082998670776
1661,-0.0015722218505386243
1662,0.0011726471672195427
1663,-0.0058786783570935475
1664,-0.01434037635072194
1665,0.0070240548263338365
1666,0.02029211603246739
1667,0.000775597487064239
1668,0.0014724931634246818
1669,0.0030180419209338005
1670,0.01234445436409537
1671,0.0032771178782566857
1672,0.009614758545849256
1673,0.003041833268841998
1674,-0.005668727697467735
1675,-0.00591658583899124
1676,0.02056569204583636
1677,0.005120142769126312
1678,0.0015535827520609669
1679,-0.0031340023425876495
1680,-0.0022229279136233293
1681,-0.004158709951198936
1682,-0.007787531427110306
1683,0.01809162846129886
1684,0.004893379173609436
1685,0.00851121885691497
1686,0.0037774332185187554
1687,-0.0030686294837238837
1688,-0.004897882783578056
1689,-0.006823905614830705
1690,-0.005492424242424354
1691,-0.009638375759114526
1692,-0.009187347100110044
1693,-0.004895037036238503
1694,0.01201607922594361
1695,0.019389306438834186
1696,0.002331614380389313
1697,-0.010834599465604833
1698,-0.018686242730479474
1699,0.0001295378736356767
1700,0.018035812582974486
1701,-0.007813825275657438
1702,0.0001495998204803506
1703,0.006186095708195838
1704,0.013018178729187868
1705,0.007190624934487522
1706,-0.0017692115560735688
1707,-0.0065368335453198645
1708,0.0105886180226884
1709,0.00328141225337486
1710,0.013941790179680336
1711,-0.004971264661147501
1712,-0.0037342525339570942
1713,-0.009277947112612317
1714,-0.011329265884358342
1715,-1.0512925642136572e-05
1716,-0.0015769554247266893
1717,0.012877750868695248
1718,-0.006039940536213484
1719,0.01695393883612928
1720,0.003537893513519297
1721,-0.0005636574192688926
1722,0.0024097126802158364
1723,0.005493212762257338
1724,-0.0030012004801920344
1725,0.0030408473555854076
1726,0.0013021760582723196
1727,-0.014691389382778808
1728,0.0003505913651409287
1729,-0.0011544844505374519
1730,-0.005118626226767509
1731,0.002759192987915604
1732,-0.0027722895180561924
1733,-0.0012862670248851016
1734,0.0116328586711536
1735,-0.003942545611351211
1736,0.010091223006751582
1737,-0.0016939812641590946
1738,-0.010242466369546399
1739,0.0076322475368186815
1740,0.001732178547634966
1741,0.0035299895635090284
1742,-9.176276267086614e-05
1743,-0.013622922402365734
1744,-0.022970206959290307
1745,-0.0010580667005247735
1746,0.0
1747,-0.009638605262042965
1748,0.007283266668092425
1749,-0.012868564390601134
1750,0.0008497273343299749
1751,0.004159054271897
1752,0.002033455697421749
1753,0.004347036645411917
1754,-0.0019461046004636273
1755,0.0015023814344012898
1756,0.0026278832241040107
1757,-0.013147423041415918
1758,0.00597849462365585
1759,0.002704262687588166
1760,0.008751825517807399
1761,0.0045228785797315485
1762,-0.0076900418691744354
1763,0.009838116339966119
1764,0.0042832397249488174
1765,0.0022474728996582094
1766,0.004693464611276843
1767,0.006872352794618397
1768,-0.006846066604804579
1769,0.01181404812823117
1770,0.005673889846507629
1771,0.011885693298101296
1772,0.015073299590651512
1773,0.002503054322238407
1774,-0.0038641024878874886
1775,0.0003481236137219401
1776,-0.0042754588661085835
1777,0.0008687490014380739
1778,0.00475900669453555
1779,0.0017476268022402763
1780,-0.005828476269775118
1781,0.0032404083911621306
1782,0.0119557547629221
1783,0.0022686203645505554
1784,0.0023418744794472257
1785,0.006158718986450928
1786,0.010872099801795487
1787,0.004363580442701798
1788,0.0015311444347685388
1789,0.0075580228747240685
1790,-0.0034234883544495
1791,-0.0037778221854273264
1792,-5.731206418957413e-05
1793,0.015484696801803643
1794,0.0024740134518601575
1795,-0.0020081074994369175
1796,-0.007437425954830101
1797,-0.009056203404601892
1798,0.01537182024147521
1799,0.0068728522336769515
1800,-0.0001215578100892678
1801,0.0029645008042493703
1802,0.0
1803,-0.006312413169353492
1804,-0.0013324325338738285
1805,-0.0066616555482476025
1806,-0.005750986086018983
1807,0.0010084385375739302
1808,-0.0001235518299925742
1809,0.0024333212934624093
1810,-0.007633081109783668
1811,0.0007166266948221978
1812,0.02660122980559887
1813,0.019308394873416512
1814,0.015119440845301924
1815,0.003784235647320111
1816,-0.0005910165484633856
1817,0.013565578911528098
1818,0.018847241867044007
1819,0.004919654322701472
1820,0.00023312237197692376
1821,0.008459506586330212
1822,0.01409788916850685
1823,-0.00673571193436473
1824,-0.00672190354790736
1825,0.002917422401697456
1826,-0.011055662188099835
1827,0.0011041240759430693
1828,0.01875802407437721
1829,0.007637397026236226
1830,0.002685983363690525
1831,0.010849092141942185
1832,0.015287404867788013
1833,0.010889158965407653
1834,-0.0007100553520421604
1835,-0.0064192626326243785
1836,0.0026411812988109684
1837,-0.018042406951108814
1838,-0.00013206768468843055
1839,0.01364604487592258
1840,-0.0088771612630002
1841,-0.003303286030058361
1842,-0.004311801805515381
1843,-0.00010764084390435524
1844,0.012570491640374826
1845,0.00021263197494203467
1846,-0.00807012092916759
1847,0.002687197072109182
1848,0.015142796073724485
1849,0.004162482588837335
1850,0.012419555154115303
1851,-0.0015453488186844
1852,0.0048506510084249665
1853,0.003874491869918728
1854,-0.02684277127491297
1855,-0.00785072249402663
1856,0.0001965923984272866
1857,-0.01859070955906439
1858,-0.00016689754159926462
1859,0.012794831989583866
1860,0.013275977156419039
1861,0.005131833634249183
1862,0.0008253161689146804
1863,0.002546668714781264
1864,0.008233472573907719
1865,0.001559663112767673
1866,0.002850936736356058
1867,-0.007724221406445353
1868,-0.004887287435096921
1869,0.005258064516129091
1870,-0.006121040978083081
1871,-0.013358732413692898
1872,0.01047171817988457
1873,0.008217691921563519
1874,-0.008487982718884624
1875,-0.0032557988855773656
1876,-0.013138864061103539
1877,0.007410273933126321
1878,0.011197110001389454
1879,-0.003063294617815626
1880,0.007856077312232479
1881,0.012621367033214703
1882,0.005513099569437907
1883,-0.0011297560358994874
1884,0.002799901924339432
1885,0.0020506834296891707
1886,-0.0031326989224461643
1887,-0.0006316670482988673
1888,0.004219042577566334
1889,0.0008811751099502274
1890,0.012215540620209797
1891,0.007129045034131032
1892,0.005143152359141645
1893,-0.002416496616904684
1894,5.3830004844712676e-05
1895,0.01164203435707356
1896,-0.00014442079659471307
1897,-0.005595213659619458
1898,0.00221704063300332
1899,0.0027384721003851364
1900,-0.004959909930469908
1901,-0.019701533615694045
1902,0.004874244492103719
1903,0.018238261544431422
1904,0.0002515243902438957
1905,0.0022783903438923225
1906,-0.016999665480643467
1907,-0.004261539413438986
1908,-0.014618043419161952
1909,0.008418530225518861
1910,0.001836927718848358
1911,0.001154752430441608
1912,-0.0027510637966238205
1913,-0.011440985925399105
1914,-0.001296473434152734
1915,0.015791598394718775
1916,-0.013410946948444469
1917,0.0034832197271872367
1918,-0.0019677602166110475
1919,0.0
1920,-0.018075994889509173
1921,0.00479494964098115
1922,0.012733507589746118
1923,0.00684315211214237
1924,0.009156260044056674
1925,0.00036510242288168016
1926,0.0040767833014956345
1927,0.007517226978492442
1928,0.008681635002878663
1929,0.017571495974308515
1930,0.0027745578282167838
1931,0.0014095431290366278
1932,0.0010724259914354217
1933,0.001011761730112637
1934,0.0037679759206272756
1935,0.0036279634538212147
1936,-0.0035484537299339536
1937,0.004767862827697922
1938,0.005894705817337753
1939,0.0016994469472220164
1940,-0.0057990303260766485
1941,0.0012651337952542807
1942,0.00602383086258329
1943,0.004892439355658418
1944,-0.010224101848622325
1945,0.002202497632314948
1946,0.0029082331567882314
1947,0.010627729975311473
1948,-0.002890988067446698
1949,-0.00034067598814158107
1950,0.005778963702017359
1951,0.0036334537275342083
1952,-0.003332974176633252
1953,-0.011589105664103427
1954,-0.013059361396498437
1955,0.00423340622968249
1956,-0.0075482803016370115
1957,-0.00954788397245343
1958,-0.0019459475641975255
1959,-0.021349671168570228
1960,-0.004950039845522003
1961,0.020437708882009797
1962,0.006723919343153639
1963,0.011094203278786852
1964,-0.006101584336054122
1965,-0.007817395196180743
1966,0.0036387694343367194
1967,0.006561994366872437
1968,0.0022549340636441872
1969,0.0059253759049562316
1970,0.0018380046208470446
1971,0.01184037959947526
1972,-0.0013107209693509203
1973,-0.029260147722549923
1974,-0.001780134599206895
1975,0.016629169519710496
1976,0.004078188721698739
1977,0.0047250479139024915
1978,-0.002002920007923681
1979,-0.0020951568794660425
1980,0.022152155175589217
1981,0.003452252252252208
1982,0.0044100007900653715
1983,0.01265705112161486
1984,0.002676307966076763
1985,0.0031339793791198556
1986,0.006795986997760295
1987,0.008200550887347058
1988,0.0017291345335832542
1989,0.0021680441341977996
1990,-0.012477177994419386
1991,0.0008651122552918444
1992,-0.004942213051903677
1993,-0.004021043930255153
1994,-0.004515561807631463
1995,-0.006669822585545382
1996,-0.015235900390499935
1997,0.005424458457026882
1998,0.01033060819839382
1999,0.010864927898973198
2000,0.00956641625165311
2001,-0.00016721941974862098
2002,0.007463414634146348
2003,0.001978266733992262
2004,-0.004618347749849927
2005,-0.008579077315726602
2006,-0.00013291267637161042
2007,-0.00033582402820930835
2008,-0.009336244785980163
2009,0.01876368774284698
2010,0.012391994785237781
2011,0.006287972711020551
2012,-0.008950997542729988
2013,0.0032349789829391185
2014,-0.018053359074945097
2015,-0.004155337098236123
2016,-0.0021143425234887436
2017,0.010664271882805165
2018,-0.014258739899480788
2019,-0.002950745785151865
2020,0.0106089179892499
2021,-0.0023762763749205496
2022,-0.005646590678221375
2023,-0.009659351111424241
2024,-0.004353888620130308
2025,-0.0018363438893335138
2026,-0.0017609792762804943
2027,-0.01809980709793546
2028,5.1122877487763674e-05
2029,0.01801624163818527
2030,0.0011764790278265824
2031,0.011758130736656547
2032,0.009426078581343367
2033,0.002476584698495099
2034,0.006886512513297305
2035,0.005616103202847
2036,0.0016657450926182982
2037,0.005540949896840397
2038,-0.008509236639126061
2039,-0.005654605354226017
2040,-0.012459367843694058
2041,-0.019150390831494946
2042,-0.0071859729807416395
2043,0.004342790966994858
2044,-0.0022484865955607614
2045,-0.013846353865711203
2046,-0.015036878071646775
2047,0.010522167194634058
2048,-0.0019059112684244317
2049,-0.004725953669433958
2050,0.018334283999911216
2051,0.0007419908633281569
2052,-0.028727193428799924
2053,-0.009587031687347425
2054,0.016934039610992935
2055,0.016362258318596057
2056,-0.021874543061851215
2057,0.013603611684157135
2058,0.0024113621615244885
2059,0.004458013020929075
2060,0.012274701371749241
2061,-0.00016640500083209275
2062,0.0050219256986554495
2063,-0.000813605207073298
2064,0.003703837146460165
2065,-0.007653152797421181
2066,-0.002973455937144931
2067,-0.0007981888369662515
2068,-0.0025199343509898497
2069,0.013410505624112723
2070,-0.0003448350179962034
2071,-0.02270946970513621
2072,-0.014118789019700095
2073,0.00019392999127321175
2074,-0.0006040493679854153
2075,-0.010357126867342137
2076,-0.0027747198890112346
2077,0.011848054560026577
2078,-0.01834485335325986
2079,0.0013549516632411773
2080,0.0035348313923435626
2081,0.003992031087847403
2082,0.008118303908254187
2083,0.00988654053406779
2084,0.005669312345761401
2085,0.015416132407775729
2086,0.0033020305673687744
2087,-0.003566029410700944
2088,0.004319231104271237
2089,-0.0012576707071144666
2090,-0.009393748597813056
2091,0.007780594539702923
2092,0.010888476483210674
2093,0.0015848428782467838
2094,0.002949873627986488
2095,0.005632535926155979
2096,0.0010861231791465809
2097,-0.015791974244970697
2098,-0.003508797210253989
2099,0.0029210379807240727
2100,0.011678958409931495
2101,0.0005273246823580546
2102,0.006467006160749245
2103,0.010069844954109008
2104,0.0015763367335499545
2105,6.295423227320462e-05
2106,-0.0109393579072532
2107,0.0111947159243595
2108,-0.00281140507311739
2109,-0.007630429141506689
2110,-0.01690471310751307
2111,-0.0028323520743026576
2112,0.005551029824169218
2113,0.006516923209280101
2114,0.012336885292609123
2115,0.0032084658467255167
2116,0.0010239865338756982
2117,0.006999425472583809
2118,0.002191685510523511
2119,-0.002520133296306515
2120,-0.0036609895807958592
2121,-0.007886776899916792
2122,-0.016145385926124245
2123,-0.001409871966449261
2124,0.019479402574319904
2125,-0.001940246045694205
2126,0.0010847056503302532
2127,0.0027369694922887433
2128,-0.015282387364314531
2129,-0.007973549761648546
2130,-0.06710961068811949
2131,0.01170338089115086
2132,-0.008599891930561543
2133,0.022093085739289142
2134,0.005587892898719415
2135,-0.0037493744818468677
2136,-0.02205612241072974
2137,-0.007144773659396697
2138,0.0130334406584669
2139,-0.021188862889764515
2140,-0.015207793117948065
2141,0.013220735680172124
2142,0.017995941938504734
2143,-0.0027290986308511345
2144,0.0010838650165270192
2145,0.010926737873470982
2146,-0.0059929816032934236
2147,0.0043327092805562906
2148,0.009944305800718256
2149,0.001536850511153487
2150,-0.01784223313750999
2151,0.003882944911197672
2152,0.0030516181205084703
2153,-0.0075525943503855775
2154,0.004307008468406481
2155,0.014307843750715366
2156,0.001263899128812307
2157,0.020226914118265826
2158,0.0043525651411819855
2159,0.0025151606256370584
2160,-0.006144123584657213
2161,0.005240071830198145
2162,-0.003968137757343171
2163,-0.0006982932243505546
2164,-0.001691786011136398
2165,0.00707333426662049
2166,0.005384801106225412
2167,0.005363237445148661
2168,-8.685959147025635e-05
2169,-0.0016432366695140477
2170,0.002508791647028996
2171,-0.004404712825742618
2172,-0.0017798506378403633
2173,-0.006142336271077964
2174,-0.006341395546377804
2175,-0.004996425860557041
2176,-0.00148867937105146
2177,0.002113961043777479
2178,-0.0020650910786584875
2179,-0.011793152554441355
2180,-0.0017412972664634374
2181,-0.0013082510037444317
2182,-0.015802391062125443
2183,-0.0015069341921072343
2184,0.003807495480035561
2185,0.004479924291569182
2186,-0.011130865548261593
2187,0.013369086676245256
2188,0.0031996118006534235
2189,-2.267350902773746e-05
2190,-0.0009674249867733797
2191,0.0054167738421266876
2192,0.006320636879411312
2193,-0.00011963690200234023
2194,0.0039484901512092385
2195,-0.0018919925512104196
2196,-0.007507686796620838
2197,-0.009715016166629176
2198,-0.0012224938875304847
2199,-0.009381390787383093
2200,-0.013783259019362504
2201,0.009166815815480733
2202,-0.00906812661448897
2203,0.00500354060805086
2204,0.0068369053518333445
2205,0.0051832199023340575
2206,0.01320490555355791
2207,-0.007694340619926687
2208,0.00871278991903579
2209,-0.004858140780470865
2210,0.008626636445643765
2211,0.0006012551200631489
2212,0.00660232095241664
2213,0.0006790335338098252
2214,-0.002952910033182987
2215,0.005878437502337297
2216,0.004297557530019702
2217,-0.018190163837332296
2218,0.0013120588767570052
2219,-0.004797047970479751
2220,-0.024335429388663066
2221,0.006825038584735266
2222,-0.006008458060192456
2223,-0.007191735703713009
2224,0.0016392290939746257
2225,-0.005883774031904876
2226,-0.018155592486908567
2227,-0.018084121103730255
2228,0.01236756299651165
2229,-0.017581764441303105
2230,-0.003875240158606852
2231,0.02046109273561436
2232,0.002855212572586696
2233,0.0012751726295021637
2234,-0.0019864154812251344
2235,0.01756821829855526
2236,0.00033914614043806246
2237,-0.014097388671628686
2238,-0.01375515818431916
2239,0.0032515974181830387
2240,0.013618912911699255
2241,-0.009680248783988543
2242,-0.013559212857096825
2243,-0.012023312002089726
2244,-0.03449301464817123
2245,-0.001677163198247622
2246,0.02839681832207641
2247,-0.018327901917803646
2248,0.006970504830958735
2249,0.009890137686230593
2250,0.001936948971413166
2251,0.003958069462035807
2252,-0.015479362233676075
2253,-0.011996492943735282
2254,-0.007380860958231983
2255,0.006258058970171065
2256,-0.003921133113499287
2257,0.032607483769157675
2258,0.019451665683839714
2259,0.013239044181745596
2260,0.0033690338350702564
2261,0.0006891743530974548
2262,0.005037117711595096
2263,-0.005123424327899251
2264,0.002482800599075796
2265,0.003874761322691711
2266,-0.009557992582806762
2267,0.002539111150394069
2268,0.0027731247345093024
2269,0.010694161371538113
2270,0.01329347662767999
2271,0.0018106045233896584
2272,0.000841344281195866
2273,-0.013854943412674903
2274,-0.0018469698643976962
2275,0.01798197058358375
2276,0.002400298289496172
2277,-0.0010306641972055441
2278,0.005290512760840915
2279,-0.018712574850299424
2280,0.003090424402557135
2281,-0.007557227971150771
2282,0.0026620114379600768
2283,0.013227450702339105
2284,0.006142506142506221
2285,0.016267136520301095
2286,0.009079364596561446
2287,0.0012433968093683578
2288,-0.0013547483931178883
2289,-0.0009571469484347395
2290,-0.005205229369563691
2291,0.011534174066687441
2292,0.00221905690081714
2293,-0.01513247460467071
2294,0.0008202760076863047
2295,-0.0012749390988913145
2296,-0.007081905427687718
2297,-0.0075303625134880425
2298,0.002421214154078699
2299,0.0006923023669047623
2300,0.015173993589102874
2301,0.002120168099042141
2302,-0.003664664324303901
2303,0.007265281359017051
2304,-0.008824105166468366
2305,0.003942390957567987
2306,0.003245942571785232
2307,-0.0012293165603269873
2308,-0.011334204227106959
2309,-0.005101962880928679
2310,-0.002740630421765422
2311,0.0005157615180324537
2312,0.01973501985042936
2313,0.014841138700891099
2314,0.010676262415987736
2315,0.003427982933647211
2316,-0.0023899241968828866
2317,0.0016828336272780575
2318,0.004951984094960782
2319,-0.00064971091514332
2320,-0.0018189123050512679
2321,0.007588952475740207
2322,0.0025638604620759065
2323,-0.006382392998927844
2324,-0.0037475848492580788
2325,-0.006864703859017496
2326,0.0012822118891993028
2327,0.010480066530759391
2328,-0.006584074405867391
2329,0.003299192797495465
2330,0.0071539748770523826
2331,-0.0007473190834821342
2332,-0.0022000682529424997
2333,0.005756076262552812
2334,-0.019535348127138974
2335,0.004154644272420738
2336,0.005004629833766927
2337,0.01014222514716101
2338,0.010670179959751502
2339,0.006739915195966173
2340,0.006260805224926447
2341,-0.0029483091411725004
2342,-0.00012764146929511444
2343,-0.0015177089686672085
2344,0.015903344035003153
2345,0.005719199871352831
2346,-0.0021203378636727166
2347,0.005343458269472023
2348,-0.0029035320531922704
2349,-0.004468753474924925
2350,0.0022269538203776307
2351,0.006004290769273668
2352,-0.004791381053273036
2353,0.005670196334896405
2354,0.010812942324056385
2355,-0.004872974156811316
2356,0.0038376891334250818
2357,0.005583798078899305
2358,-0.0011786909036403115
2359,0.000688949522510196
2360,-0.003292411094675596
2361,-0.010682679287091768
2362,0.0021775799137264684
2363,0.015934221327023934
2364,0.004644183567466209
2365,-0.0040279795897678605
2366,-0.012411022670982375
2367,0.0017177408272639472
2368,0.00794979079497904
2369,-0.001116033453783305
2370,0.0006063289845692488
2371,0.006331958004820448
2372,0.0010283889475251051
2373,-0.0045959609613669405
2374,-0.0005499877780493767
2375,0.003573490947382796
2376,-0.005760859999593859
2377,-0.0011847211819976389
2378,0.003572012870153296
2379,0.013714169270479637
2380,0.0038461796179283247
2381,-0.002182721125669973
2382,0.004053891334305559
2383,0.014710977267275993
2384,-0.0010242941562705887
2385,0.004666631612156857
2386,-0.008786161958470151
2387,-0.02046716080020594
2388,0.004689710935920743
2389,0.000992582458116953
2390,0.0032829940906107247
2391,0.0035527299925206535
2392,-0.003127578588730029
2393,0.00018690840153268162
2394,0.010852009557243303
2395,-0.002390069985474752
2396,-0.009947186594130963
2397,-0.0013102042180553886
2398,0.006024136707742267
2399,-0.0236994258112162
2400,0.007905299958429035
2401,0.01858049859023514
2402,0.004706429021872571
2403,-0.0002907091983033183
2404,-0.0037340559117043925
2405,-0.0013333775581280127
2406,0.0007306833882452235
2407,-0.015180479774848266
2408,0.002898218606563363
2409,-0.0074396661223008476
2410,0.01730652041438141
2411,-0.0006123291135871067
2412,0.004142413788510435
2413,0.00038467660635643774
2414,0.0013060715753743235
2415,-0.00133085260641852
2416,-0.00858582510110717
2417,-0.003290199618818379
2418,0.005629247935159842
2419,0.001080850268878164
2420,-0.014769001093012712
2421,-0.0063993289498605055
2422,-0.00953146062825938
2423,0.007815399843279502
2424,0.004787919710269595
2425,-0.016100895323816755
2426,0.013087361761723093
2427,-0.02939133514021497
2428,-0.029474496597207578
2429,0.0016843901134253603
2430,-0.003557974047718737
2431,0.0007315182988216762
2432,-0.02127089816892236
2433,0.010907262388061945
2434,0.006927274589264565
2435,-0.00655997326611113
2436,0.018025594149908564
2437,0.0032539597026182143
2438,0.0028925738179110816
2439,0.01082300531155389
2440,-0.005530129672006057
2441,-0.013202656155676284
2442,0.0053186129863400655
2443,0.002484160790349854
2444,-0.004341864716636223
2445,0.016933956851044263
2446,0.001678597877067256
2447,-0.010977095259218528
2448,0.0031538330105935763
2449,-0.005776859914695565
2450,-0.0021985395415902165
2451,-0.0018242300676037937
2452,-0.00475166630832069
2453,-0.005076800103696377
2454,-0.0017515670010568307
2455,-0.01155017401392111
2456,-0.00021272381846604294
2457,-0.013272388442970517
2458,0.015993873104863665
2459,0.0022540983606555987
2460,0.009938078686800855
2461,0.009739062533891563
2462,0.002821217849573232
2463,0.003748661192431335
2464,0.00028454561621904517
2465,0.010830992426128061
2466,-0.003348858151936751
2467,0.00028942129858378074
2468,0.0066406498098134925
2469,0.011490143293794386
2470,0.0024535115017016995
2471,-0.0004908840753058419
2472,0.002718481524009775
2473,-0.0005932712008223096
2474,0.0034996169058416626
2475,0.002579446966570309
2476,-0.011663407773318202
2477,0.005525667279858482
2478,0.010037901015526263
2479,0.014004989576569482
2480,0.005048734783019038
2481,-0.00040240639021349445
2482,-0.00977570231409719
2483,0.01853156803490852
2484,0.004131159319057165
2485,0.0030210279445084254
2486,0.007688344628066446
2487,-0.003264246666928927
2488,0.001519097222222321
2489,0.0011622180636265966
2490,0.001003462930898813
2491,-0.0005634725634725557
2492,-0.0028713968231074416
2493,-0.009658056160051554
2494,0.009008709968665318
2495,0.005072735526913119
2496,0.0070502749410841226
2497,0.004342258364372631
2498,-0.0004724766188796137
2499,0.0010425300455862985
2500,-0.002994960962009907
2501,0.0003373775384416522
2502,0.0059150873642837
2503,-0.008130553083936176
2504,0.000591550577574429
2505,0.006392765260778033
2506,-0.0013039997934256586
2507,-0.003147906351402052
2508,-0.00012320142135535672
2509,0.0001167315175096828
2510,0.0161783968148983
2511,0.0024375769719169327
2512,0.009395588656545328
2513,0.0005738754248885147
2514,-0.0018277848508149175
2515,-0.0011870785239815884
2516,-0.010001011480301303
2517,0.007100803310302384
2518,0.0024855117491155987
2519,-0.00505989652511607
2520,0.0059501862611726075
2521,0.004196104700395553
2522,0.003977194064415324
2523,0.002275319986460911
2524,0.0072669964540559295
2525,0.0052091417644029026
2526,-0.00037059455720123147
2527,-0.005777239529911937
2528,0.0008389939530286661
2529,0.006830516262838371
2530,-0.003484599918589848
2531,-0.004202330777276608
2532,-0.00028589541200008117
2533,-0.004905130181782069
2534,0.0022303717911071885
2535,0.005248722104475689
2536,-0.0006697176024110796
2537,0.009884954763766496
2538,0.009751331821784781
2539,0.0017221025472513585
2540,-0.0010509242666310037
2541,-0.0009608134076040109
2542,0.002075648564089594
2543,-0.00044342665540886284
2544,0.004630698737192462
2545,-0.008777129860388477
2546,0.004009397980044627
2547,0.0020179672019549066
2548,0.009402258968541855
2549,0.0012980457200546525
2550,-0.003817068779258137
2551,0.006277713514555527
2552,0.005705698514004043
2553,-0.00035123438048811906
2554,-0.013917341591233923
2555,-0.002530453005441302
2556,-0.002803274321280802
2557,-0.009216701780802694
2558,-0.00644062187850436
2559,0.015703254138603073
2560,0.011895942384532399
2561,-0.003882691119019177
2562,0.0035484065305140255
2563,0.002641389370809044
2564,0.001939899053400973
2565,0.004708891319027408
2566,0.003473481987259941
2567,-0.004569836706872499
2568,0.004084694898299324
2569,-0.00027871671707291323
2570,0.0027998078098028234
2571,-0.005211321759190701
2572,-8.324711310914168e-05
2573,0.0015223596574689413
2574,-0.0024463233897015213
2575,0.0013392538272898324
2576,0.004951583852962349
2577,0.00010646981580708648
2578,-0.0012301868937780736
2579,-0.002339049694443096
2580,-0.00816135140108143
2581,-0.00833024140943861
2582,-0.0007000181039164
2583,0.002584634708987066
2584,0.0036742118514414557
2585,0.010178117048345925
2586,-0.0006772491801718683
2587,0.004850963653441287
2588,0.003579246287641169
2589,-0.0002711704542104343
2590,0.009139743733378891
2591,-0.0014082120381678775
2592,0.004751372163512846
2593,0.007081707530137926
2594,-0.0006476758844822239
2595,0.0021757496499126283
2596,-0.008048963566025802
2597,0.008422780507113092
2598,-0.002372390226444865
2599,0.003257498611368259
2600,0.0038178724876727355
2601,0.000890512877965266
2602,0.004379721259155422
2603,-0.0013316188026860631
2604,0.001184603587002675
2605,0.005241527530880363
2606,0.002194852899366717
2607,-0.0029219526586932165
2608,-0.006549559853645026
2609,0.00537271029750408
2610,0.0034468220870080835
2611,-0.009038829494291134
2612,-0.010278622870795395
2613,-0.01613958308006691
2614,-0.008243358536083045
2615,0.013503090997543765
2616,0.011028507873324545
2617,0.000880067626249037
2618,-0.005674915830758964
2619,-0.009872880123338312
2620,-0.0011869226972525126
2621,0.010083183320979572
2622,0.0024170064065229813
2623,0.007419457920576411
2624,-0.01128079726861686
2625,0.010657038195011515
2626,0.0036707202345569456
2627,0.006935060006095339
2628,-0.006270523400245476
2629,0.005384840839736338
2630,-0.0016919700018293016
2631,0.0028342723649856794
2632,-0.0008221853000118795
2633,0.006971468408390802
2634,0.009045562623780423
2635,-0.0026769696253928776
2636,0.0020413111758967872
2637,0.0002982571652063726
2638,0.006672217471533237
2639,0.0005420872033889967
2640,-0.0014913285111850527
2641,-0.0030430502103283574
2642,-0.019436215100098853
2643,-0.01140993362325482
2644,0.001886945348043234
2645,-0.015442654773184183
2646,0.004242484699475968
2647,0.0050133807014058895
2648,0.007255813953488399
2649,0.00513137236793515
2650,-4.5940839683678014e-05
2651,0.009297704575343513
2652,0.001240412408676006
2653,0.004330382005614863
2654,-0.004979403376940805
2655,0.011106182612256044
2656,0.005303682206512006
2657,0.005376404242939614
2658,0.0019031190005842635
2659,-0.001966153282198624
2660,-0.005231144229324469
2661,0.003943989751221011
2662,0.0023292358100501787
2663,0.007933242900664883
2664,0.004589002939830111
2665,-0.0002525599143491375
2666,0.006661577580194367
2667,-0.001254759904420033
2668,0.008876289110295366
2669,0.0003140278401922991
2670,0.002478958620876215
2671,0.001344398071409847
2672,-0.011166708004874404
2673,-0.00567094350322539
2674,0.0032629379603072994
2675,0.0008363123544654627
2676,-0.007919213103293798
2677,-0.003407670837714538
2678,-0.008589736507761181
2679,0.01016854715141391
2680,0.007953667953668031
2681,0.002714209103544807
2682,0.00256497014811341
2683,0.001121344742744057
2684,0.0012723338081928048
2685,0.004197710537176658
2686,0.0023199095830110927
2687,-0.0014243323442136857
2688,-0.0010373556076632706
2689,-0.009756941815310505
2690,-0.010279097711508034
2691,-0.00011588892322622613
2692,-0.0003035537869714444
2693,-0.007513857297440696
2694,0.01273842833382477
2695,0.009612162956371684
2696,0.004499186664563171
2697,-0.008167332835060992
2698,-0.005973898323595295
2699,0.003499307829220699
2700,0.009098224696588941
2701,0.005869748013128229
2702,0.0096647017263789
2703,0.00032049741198347803
2704,0.002595197283052686
2705,0.004660328619743748
2706,0.004119175104702277
2707,-0.003389526258269271
2708,-0.0002542844277275691
2709,0.005807637891657835
2710,-0.005916349248997643
2711,-0.0017647994064338146
2712,0.002282898963139157
2713,0.0070343826640604235
2714,0.0071220051021749775
2715,0.006873175292083866
2716,0.00015561376663120186
2717,-0.0010528226538391028
2718,0.002045563100949055
2719,0.001543993450980885
2720,0.0035850266937051956
2721,-0.008994984458522537
2722,0.007698229407236301
2723,-0.004108768814651276
2724,0.007909358543765954
2725,0.006602832429986272
2726,0.009185372881182818
2727,-0.0023589681286195763
2728,-0.004455088848070221
2729,0.0009633027522937265
2730,-0.007780476503266631
2731,-0.00463407249269987
2732,-0.0011187989152291467
2733,-0.028620684315658562
2734,-0.006950200854428323
2735,-0.016464406489448247
2736,0.0017191571777532832
2737,0.012627154083866055
2738,-0.0076695342501018615
2739,0.010523072931867494
2740,-0.002326588899764115
2741,-0.00033237908370598035
2742,-0.009438414346389812
2743,-0.008191129975312905
2744,-0.0009716210241323964
2745,0.001808535632523256
2746,-0.0031742222610061654
2747,0.012348853750615563
2748,0.008787906629843079
2749,-0.003257381343991228
2750,-0.004337660243489472
2751,-0.003946274522506066
2752,-0.009674429696434284
2753,-0.010540602664156573
2754,-0.011388526294829449
2755,0.0071445755495505026
2756,-0.001588765318253138
2757,0.015061648713611708
2758,0.0039630553347766995
2759,-0.0006933904060975049
2760,-0.0019286350399658758
2761,-0.014172478349883333
2762,-0.012243946048898002
2763,0.002951361561466914
2764,0.0032117213817688395
2765,-0.0050396129219698604
2766,-0.011590296495956998
2767,0.012902236160349245
2768,0.007151390735163021
2769,-0.007351221305175959
2770,0.012511080441197864
2771,0.005679551398554805
2772,-0.010936819892339855
2773,0.019001515219038145
2774,0.002831792612191908
2775,0.0036142410911412792
2776,0.0015154477903791541
2777,0.0012690974764486551
2778,0.0017766511209693636
2779,0.0022060612614560604
2780,0.004709931859748551
2781,0.0020405313973343997
2782,-0.00200422280098167
2783,0.004811203230379313
2784,-0.0009351887478089571
2785,0.002754703053708729
2786,0.0018136428617150369
2787,-0.00430759073095921
2788,0.0033583067289129076
2789,0.006640835274240864
2790,0.00559635310499651
2791,-0.005475701574264247
2792,-0.005913494626502258
2793,-0.005208416545509742
2794,0.008463823978157814
2795,0.0001114791693210826
2796,-0.00010085086280575695
2797,-0.0061525231184107465
2798,0.00591820274651611
2799,-0.002803634104509678
2800,-0.0025612489949361494
2801,-0.0039718553475905916
2802,-0.0025995047541458316
2803,-0.010237037116648473
2804,-0.010913000043434873
2805,0.004056561309517148
2806,-0.008293560326494087
2807,0.005044212661800662
2808,0.010970265096456044
2809,0.009983126346229998
2810,-0.003969895407491597
2811,-0.0016827389812957838
2812,0.006520799567801161
2813,-0.006467819244580175
2814,-0.008557444003846615
2815,-0.007127366252901557
2816,0.010471434059601492
2817,0.010232568244278095
2818,0.0017365404673068685
2819,0.0017335301220984256
2820,0.005791650593630848
2821,-5.326827501428433e-06
2822,-0.0031694792465695176
2823,-0.001384042365590088
2824,-0.002691653199482169
2825,-0.009019643614081474
2826,0.004537332827982077
2827,-0.003896985899702443
2828,0.006103730959660103
2829,-0.006695960372822496
2830,-0.0002815559213376062
2831,-0.011108342901709256
2832,-0.010110359558561655
2833,0.013887428833843307
2834,-0.005833592543479149
2835,0.0044351740037325005
2836,0.004934749819660356
2837,-0.0030398442555643612
2838,0.003043658499334523
2839,0.009076078090162643
2840,0.00877887895494145
2841,-0.0016186935059939733
2842,0.003922198143243127
2843,-0.0033951966229253117
2844,-0.012600210716596782
2845,0.009099526066350672
2846,-0.004905933818201369
2847,-0.0035870133933146864
2848,0.005391769431482452
2849,0.008372729132789969
2850,0.009269691419661719
2851,-7.935962076677239e-05
2852,0.004021206573614489
2853,0.009606973092043614
2854,0.004139241365271218
2855,0.0033164564858036982
2856,0.00011398255030781179
2857,-0.006516986644839906
2858,0.010105539796429364
2859,0.002441744014371583
2860,-0.00046862045348050607
2861,0.004116519660374296
2862,0.0024987813951102833
2863,-0.0045705336213162084
2864,-0.0069875417118706595
2865,0.00721275824574108
2866,-0.004164032016779506
2867,0.008729408971003716
2868,0.007118585085259088
2869,0.0023120506110418937
2870,0.001019011406844017
2871,-0.002203078232067668
2872,0.01096357656230973
2873,0.0027212113909307334
2874,-0.0012267296888612833
2875,0.00015540950404324683
2876,0.0016841767583606337
2877,-0.00704063250600484
2878,-0.011651287840228175
2879,-0.00423208121516816
2880,0.0052127338177387905
2881,0.006087341894666087
2882,-0.013680735580038905
2883,-0.013654890606872638
2884,0.005568798076422743
2885,0.013679274579218692
2886,-0.009833805621505598
2887,-0.01053993987490276
2888,-0.005060322589050648
2889,-0.012586819196077959
2890,-0.01935165587154064
2891,0.006512931197697913
2892,-0.00011823697915269715
2893,-0.010739337257115178
2894,-0.009383472699908246
2895,0.005430013163668201
2896,-0.011870601712945184
2897,-0.022287367363388433
2898,-0.025963172724552064
2899,-0.002591319369967371
2900,-0.004609071676004883
2901,0.021668934187400346
2902,-0.020906441104189266
2903,0.023524329877650185
2904,0.005121419853771458
2905,0.009282796187017661
2906,-0.0152016011153836
2907,-0.013466764094718364
2908,-0.0073721305688806416
2909,-0.010149295495485156
2910,0.007744496401606682
2911,-0.009601842057587628
2912,-0.006638343069569785
2913,0.022911283376399805
2914,-0.0011381981626230608
2915,0.017807518342383588
2916,0.002176284779144222
2917,0.01446565973211733
2918,-0.002415893206283548
2919,-0.0008560583020760237
2920,0.007124899947014374
2921,0.0014384059998882037
2922,-0.009735814047069469
2923,0.007257950729463447
2924,-0.00023533235091399707
2925,0.003721368163246863
2926,0.004310609571563484
2927,0.00661607316598567
2928,-0.01022893595868668
2929,-0.002215364698135658
2930,-0.0068565931791997325
2931,0.007208018921049719
2932,0.004573409370457249
2933,0.0010407506762097896
2934,0.009851833319433956
2935,0.0030059954744903195
2936,0.0019485901538562889
2937,-0.001144967075348613
2938,-0.009543188412156067
2939,-0.016191462381429766
2940,0.006461599076914348
2941,-0.019131718611062887
2942,0.008614988140850155
2943,0.019948785492614585
2944,0.0061740711182050045
2945,0.001542308836327999
2946,0.0068912036782420305
2947,0.0025562735212667498
2948,0.007567544007801796
2949,-0.0013355971795646626
2950,-0.016449274185252105
2951,-0.008819109170882466
2952,0.004359924242844926
2953,0.004103210679407443
2954,0.008123320262589662
2955,0.0019065724852638244
2956,0.003042529989094822
2957,-0.010274084301851505
2958,-0.009732627369993696
2959,0.004448240670896775
2960,0.0028989828711525334
2961,0.001927068708258206
2962,0.0031653047430113546
2963,-0.0008819549819502059
2964,-0.0023247143452418406
2965,-0.005138379020025896
2966,0.011677687000425152
2967,0.00017472685278718814
2968,0.0003111778354032424
2969,-0.0023467516590988113
2970,0.001663001498889427
2971,-0.0026378163468154803
2972,-0.006822798880754211
2973,0.00036939634021959655
2974,-0.008581160027336332
2975,-0.01309155191870448
2976,-0.00010702295924125416
2977,0.0010421771926563128
2978,0.0133878828124121
2979,0.005825285849941908
2980,-0.001579011296003796
2981,-0.0009289980092899164
2982,0.00942038611406315
2983,0.002971914856284119
2984,-0.011907104900610088
2985,-0.007718354745543277
2986,-0.0046670346765694815
2987,-0.006274298903118147
2988,-0.004763622833820036
2989,-0.008236047150520176
2990,-0.0013764585606014235
2991,0.011816112464683393
2992,0.006342136203310256
2993,0.0020277025736656906
2994,0.0071863000644636355
2995,-0.0034172431641223966
2996,-0.0007762631029301081
2997,0.0010898482037065005
2998,0.009105678347913981
2999,0.01505947441217148
3000,0.006197130897357628
3001,-0.0005525191079525094
3002,-0.0015500766908573826
3003,0.014607455176120165
3004,0.010191961992809473
3005,0.0009956730590994223
3006,-0.0003227427845823305
3007,0.005525446693199987
3008,0.0018211676526940224
3009,0.005616442674456268
3010,-0.0017920304279451793
3011,-0.00554276143619814
3012,-0.009305214183083166
3013,0.010726068223956498
3014,-0.001135336290814415
3015,0.010540108190027375
3016,0.010419758486557296
3017,0.0019377447948876192
3018,-0.006419224755164099
3019,-0.0032872939617327734
3020,0.0060561046677714
3021,-0.005219438407013111
3022,0.0044995017852695884
3023,-0.005662473198832285
3024,0.0012054515507198271
3025,0.004156914438141923
3026,0.004330928410476886
3027,0.006679359851798461
3028,-0.004365428261802862
3029,-0.01426268393112029
3030,-0.0013021104606345535
3031,0.010456541466314917
3032,-0.006064484828465444
3033,0.0063247756729811755
3034,-0.002621340185970822
3035,-0.002773092722700987
3036,-0.0013437094682231532
3037,-0.009569278563672956
3038,-0.008565478969205342
3039,-0.011697422440428262
3040,-0.004336072374936384
3041,-0.0010269093255194095
3042,-0.014020150265871556
3043,0.005720555243205361
3044,-0.0056717341394975085
3045,0.00671935895896314
3046,0.01171699207842436
3047,0.03667856415533177
3048,-0.009620653646129407
3049,0.0020200754787893516
3050,-0.004735262861786715
3051,0.017722645311559315
3052,0.008521865244470073
3053,0.0010810921070076862
3054,-0.005944679333706904
3055,0.005959732093900438
3056,-0.0010442879993479703
3057,0.011988720098316863
3058,-0.004676193739544088
3059,-0.015562665802636766
3060,0.0013731036256108275
3061,0.0030813950502524
3062,0.00401910739976552
3063,-0.0056246239202047965
3064,-0.0002974374227561194
3065,-0.007910085615647655
3066,-0.01306625163522046
3067,0.000812062534054192
3068,-0.0026331356300417497
3069,0.012575843463290548
3070,-0.008490566037735792
3071,0.007188339728777304
3072,0.005185381273454803
3073,0.0009862849588964107
3074,-0.0035491908567065744
3075,0.00569996738438272
3076,0.0032791104705034435
3077,0.0012775979106911528
3078,0.0019985036844210047
3079,-0.012187014155961018
3080,-0.02172888849771948
3081,0.0008308812633628371
3082,-0.005874794435073105
3083,0.007053116456207764
3084,-0.000913758134031939
3085,0.0012053606830377817
3086,0.00641029025836537
3087,0.0014166015204857274
3088,-0.009137252641892024
3089,-0.01602131945876495
3090,-0.006115221958913009
3091,-0.0015355086372361715
3092,-0.007916781736168499
3093,-0.00014191442560151923
3094,0.0036520856192987505
3095,-0.009105149794399914
3096,-0.011510720284556908
3097,0.0045424220212015864
3098,-0.01207305652831181
3099,0.0009176621995916623
3100,-0.012522431364218267
3101,0.009810970397250873
3102,-0.007170407911555654
3103,0.014116876443450721
3104,0.007450179015885849
3105,-0.01729388551436728
3106,0.009111258591016913
3107,0.001973002195940099
3108,0.0010179334282665042
3109,-0.004506582054801478
3110,-0.010371313104248991
3111,-0.01638558294320036
3112,0.008177308828167584
3113,0.019811047090341427
3114,0.006419623634923655
3115,-0.005691484940009484
3116,-0.007223355516168817
3117,0.008022591257677236
3118,-0.01951534661461074
3119,0.0034933852891556594
3120,0.0014943790968062753
3121,0.00837638334670987
3122,0.005829335007398795
3123,0.004764611475190694
3124,-0.0037215132305062903
3125,0.007710207535405633
3126,-0.00460730207660065
3127,-0.017232480311683118
3128,0.0026880809586737886
3129,-0.0125313988983633
3130,0.05293476834978805
3131,0.02774493353556151
3132,-0.0012490891877379173
3133,-0.013784004855009413
3134,0.010664426405825989
3135,-0.005103877676359003
3136,-0.00582187406871304
3137,-0.01118735881981392
3138,-0.0041141570308778075
3139,-0.011605279178987682
3140,-0.005609542822260005
3141,0.015186961114521669
3142,-0.007103982915574902
3143,0.005338673836108754
3144,0.003411050712773145
3145,0.0066574926707752
3146,0.003025767653463074
3147,0.011759509149576797
3148,0.009391971036098568
3149,-0.0032650434635834724
3150,0.0011007329399623789
3151,-0.0022201899848286466
3152,-0.0006940287041794502
3153,0.01773388045933144
3154,0.005125881010798583
3155,0.00436380220885102
3156,0.0014809616446413987
3157,0.0029266281945588
3158,-0.003940446344170012
3159,0.0028161604283041264
3160,0.0044181106533556225
3161,-0.008295525536904824
3162,0.0012960457695208039
3163,-0.006384174672669163
3164,0.0017075031529123486
3165,0.001751222747243597
3166,0.0001344739482587176
3167,0.003469995656041114
3168,0.0044062398540529735
3169,-0.0033402087245635315
3170,-0.0034028839570239278
3171,0.012681702189207833
3172,-0.0039991634403006016
3173,0.005438985542131736
3174,0.005480875513832029
3175,-0.005684034550013983
3176,-0.0015947175617634368
3177,-0.0055980413349664415
3178,0.0039975999996859635
3179,-0.0025045747824381515
3180,-0.009039068268250072
3181,0.00021202918485108135
3182,-0.007863329952246145
3183,0.004257207342625913
3184,0.005697236995719335
3185,0.00953963151947912
3186,-0.0031276830614498374
