,algo_volatility
2008-01-02 10:00:00,
2008-01-03 10:00:00,0.0
2008-01-04 10:00:00,0.0
2008-01-07 10:00:00,0.0
2008-01-08 10:00:00,0.0
2008-01-09 10:00:00,0.0
2008-01-10 10:00:00,0.0
2008-01-11 10:00:00,0.0
2008-01-14 10:00:00,0.0
2008-01-15 10:00:00,0.0
2008-01-16 10:00:00,0.0
2008-01-17 10:00:00,0.0
2008-01-18 10:00:00,0.0
2008-01-21 10:00:00,0.0
2008-01-22 10:00:00,0.0
2008-01-23 10:00:00,0.0
2008-01-24 10:00:00,0.0
2008-01-25 10:00:00,0.0
2008-01-28 10:00:00,0.0
2008-01-29 10:00:00,0.0
2008-01-30 10:00:00,0.0
2008-01-31 10:00:00,0.0
2008-02-01 10:00:00,0.0009738031674161649
2008-02-04 10:00:00,0.039428064180708766
2008-02-05 10:00:00,0.07853596307155115
2008-02-06 10:00:00,0.07799847035091115
2008-02-07 10:00:00,0.10831646624784144
2008-02-08 10:00:00,0.12733500208872126
2008-02-11 10:00:00,0.1568084463531059
2008-02-12 10:00:00,0.1839513559438438
2008-02-13 10:00:00,0.19215973855947938
2008-02-14 10:00:00,0.22221536920762947
2008-02-15 10:00:00,0.23156648045696104
2008-02-18 10:00:00,0.23722648089254286
2008-02-19 10:00:00,0.23371837722378652
2008-02-20 10:00:00,0.23416487306905406
2008-02-21 10:00:00,0.23102222323258353
2008-02-22 10:00:00,0.2284821017860013
2008-02-25 10:00:00,0.22790143083174197
2008-02-26 10:00:00,0.23328623937214532
2008-02-27 10:00:00,0.23136297369915623
2008-02-28 10:00:00,0.22902142361838385
2008-02-29 10:00:00,0.2266429378776509
2008-03-03 10:00:00,0.23557654844855994
2008-03-04 10:00:00,0.2403306159145893
2008-03-05 10:00:00,0.24391287119284466
2008-03-07 10:00:00,0.24739267665124395
2008-03-10 10:00:00,0.2489283252363763
2008-03-11 10:00:00,0.2530729724570723
2008-03-12 10:00:00,0.250775891498205
2008-03-13 10:00:00,0.26718388410832283
2008-03-14 10:00:00,0.2646079689358669
2008-03-17 10:00:00,0.29745443263477955
2008-03-18 10:00:00,0.29842123109542035
2008-03-19 10:00:00,0.29584296745546884
2008-03-24 10:00:00,0.3013074997148804
2008-03-25 10:00:00,0.32966815852976517
2008-03-26 10:00:00,0.3304948394448336
2008-03-27 10:00:00,0.3289290769524939
2008-03-28 10:00:00,0.3364918752751512
2008-03-31 10:00:00,0.33371494157554366
2008-04-01 10:00:00,0.33124974129427404
2008-04-02 10:00:00,0.3287203019166082
2008-04-03 10:00:00,0.3262903023999294
2008-04-04 10:00:00,0.32378419509559897
2008-04-07 10:00:00,0.32174075784172484
2008-04-08 10:00:00,0.32160744474682795
2008-04-09 10:00:00,0.32008210613296506
2008-04-10 10:00:00,0.3185978390263864
2008-04-11 10:00:00,0.3166150502336802
2008-04-15 10:00:00,0.3143458851201886
2008-04-16 10:00:00,0.3129134538092054
2008-04-17 10:00:00,0.31088120753503945
2008-04-21 10:00:00,0.3142593038606788
2008-04-22 10:00:00,0.3121327822507526
2008-04-23 10:00:00,0.3100739507718531
2008-04-24 10:00:00,0.30814272485503724
2008-04-25 10:00:00,0.30613541135230465
2008-04-28 10:00:00,0.30420432701767974
2008-04-29 10:00:00,0.3028701413151384
2008-04-30 10:00:00,0.3013465739139456
2008-05-02 10:00:00,0.2995566590850216
2008-05-05 10:00:00,0.2977286184911595
2008-05-06 10:00:00,0.29621874585207725
2008-05-07 10:00:00,0.29445102500462383
2008-05-08 10:00:00,0.29345212006988103
2008-05-09 10:00:00,0.29300311177426613
2008-05-12 10:00:00,0.2920144370811078
2008-05-13 10:00:00,0.29047268134246873
2008-05-14 10:00:00,0.2890236264851792
2008-05-15 10:00:00,0.2890424044882506
2008-05-16 10:00:00,0.28970762675699613
2008-05-20 10:00:00,0.2881288454519532
2008-05-21 10:00:00,0.2867640789155616
2008-05-22 10:00:00,0.28565659125157705
2008-05-23 10:00:00,0.2843628036170865
2008-05-26 10:00:00,0.28475088110738217
2008-05-27 10:00:00,0.2833323073689346
2008-05-28 10:00:00,0.2819216526419039
2008-05-29 10:00:00,0.28051218015826884
2008-05-30 10:00:00,0.27979030392546567
2008-06-02 10:00:00,0.28257169615880556
2008-06-03 10:00:00,0.28187797576428136
2008-06-04 10:00:00,0.28067185971556063
2008-06-05 10:00:00,0.2793242817159173
2008-06-06 10:00:00,0.2780428404670391
2008-06-09 10:00:00,0.2783291131559475
2008-06-10 10:00:00,0.2771348449482656
2008-06-11 10:00:00,0.2760500245454429
2008-06-12 10:00:00,0.2761766886380967
2008-06-13 10:00:00,0.2749437823477291
2008-06-16 10:00:00,0.2752550353842892
2008-06-17 10:00:00,0.2758459941476929
2008-06-18 10:00:00,0.27497211297444024
2008-06-19 10:00:00,0.2748977729469138
2008-06-20 10:00:00,0.2759771999348448
2008-06-23 10:00:00,0.27962228957640894
2008-06-24 10:00:00,0.2798207732161767
2008-06-25 10:00:00,0.27863630944419043
2008-06-26 10:00:00,0.27755509767107606
2008-06-27 10:00:00,0.2769970355164184
2008-06-30 10:00:00,0.28237453144657415
2008-07-01 10:00:00,0.28589041879017085
2008-07-02 10:00:00,0.2869458383582492
2008-07-03 10:00:00,0.2868071584690278
2008-07-04 10:00:00,0.2856656442049686
2008-07-07 10:00:00,0.2877156670653623
2008-07-08 10:00:00,0.28661776434388936
2008-07-09 10:00:00,0.2877472116809128
2008-07-10 10:00:00,0.28663790296028024
2008-07-11 10:00:00,0.28586318614272166
2008-07-14 10:00:00,0.28500271042723435
2008-07-15 10:00:00,0.2877992713745173
2008-07-16 10:00:00,0.28675849517190627
2008-07-17 10:00:00,0.28681068598299175
2008-07-18 10:00:00,0.2866373037821856
2008-07-21 10:00:00,0.2856090383625369
2008-07-22 10:00:00,0.28634398001985933
2008-07-23 10:00:00,0.29604241380945423
2008-07-24 10:00:00,0.2950990952426536
2008-07-25 10:00:00,0.29419907156794545
2008-07-28 10:00:00,0.2950625969657652
2008-07-29 10:00:00,0.2944700284862264
2008-07-30 10:00:00,0.2947741409443491
2008-07-31 10:00:00,0.29399459967753216
2008-08-01 10:00:00,0.2929961835377221
2008-08-04 10:00:00,0.2929674889960942
2008-08-05 10:00:00,0.2932680184649175
2008-08-06 10:00:00,0.29228706462682336
2008-08-07 10:00:00,0.2915367876781322
2008-08-08 10:00:00,0.29073980980806197
2008-08-11 10:00:00,0.29109842897802124
2008-08-12 10:00:00,0.29092879450267206
2008-08-13 10:00:00,0.29008412243207016
2008-08-14 10:00:00,0.2894754268043383
2008-08-18 10:00:00,0.2885984326156185
2008-08-19 10:00:00,0.2876948903989548
2008-08-20 10:00:00,0.2868174090021193
2008-08-21 10:00:00,0.2863173160382637
2008-08-22 10:00:00,0.28542509485104384
2008-08-25 10:00:00,0.28459124189136864
2008-08-26 10:00:00,0.2838921608874783
2008-08-27 10:00:00,0.2830235418185083
2008-08-28 10:00:00,0.28224138408334765
2008-08-29 10:00:00,0.28284675813939836
2008-09-01 10:00:00,0.28200915307621455
2008-09-02 10:00:00,0.2820381005126175
2008-09-04 10:00:00,0.28130748164023933
2008-09-05 10:00:00,0.2805981020958914
2008-09-08 10:00:00,0.27990661738300426
2008-09-09 10:00:00,0.27927535692851896
2008-09-10 10:00:00,0.2785235617718415
2008-09-11 10:00:00,0.2781272535647992
2008-09-12 10:00:00,0.27866327883498615
2008-09-15 10:00:00,0.2791509894771163
2008-09-16 10:00:00,0.2783608403168071
2008-09-17 10:00:00,0.277615012876487
2008-09-18 10:00:00,0.2777049988027078
2008-09-19 10:00:00,0.2840880885318725
2008-09-22 10:00:00,0.283353060582715
2008-09-23 10:00:00,0.2829589399202978
2008-09-24 10:00:00,0.28295234293780913
2008-09-25 10:00:00,0.2821751825036535
2008-09-26 10:00:00,0.2826161932876734
2008-09-29 10:00:00,0.28842760373089604
2008-09-30 10:00:00,0.2881150715526884
2008-10-01 10:00:00,0.2875858039160287
2008-10-03 10:00:00,0.2880756637651368
2008-10-06 10:00:00,0.3026148037351405
2008-10-07 10:00:00,0.30256593383084973
2008-10-08 10:00:00,0.30468153109228535
2008-10-10 10:00:00,0.3049394533047469
2008-10-13 10:00:00,0.3045736553333399
2008-10-14 10:00:00,0.3056460434723117
2008-10-15 10:00:00,0.3147903090951475
2008-10-16 10:00:00,0.3147475761686524
2008-10-17 10:00:00,0.31498273946611716
2008-10-20 10:00:00,0.3142208061395632
2008-10-21 10:00:00,0.31343078412604414
2008-10-22 10:00:00,0.31292980628764827
2008-10-23 10:00:00,0.3139641364271398
2008-10-24 10:00:00,0.32414334135800577
2008-10-27 10:00:00,0.33400947343460335
2008-10-29 10:00:00,0.3499508421451451
2008-10-31 10:00:00,0.35638969527877806
2008-11-03 10:00:00,0.3595969419480677
2008-11-04 10:00:00,0.3590545879192268
2008-11-05 10:00:00,0.35819992048701405
2008-11-06 10:00:00,0.3574036014262691
2008-11-07 10:00:00,0.35695382585845964
2008-11-10 10:00:00,0.3564070828211635
2008-11-11 10:00:00,0.35636652543883385
2008-11-12 10:00:00,0.3555401469976942
2008-11-14 10:00:00,0.35494584433283627
2008-11-17 10:00:00,0.35530861805208075
2008-11-18 10:00:00,0.3559317176450809
2008-11-19 10:00:00,0.35519778330651053
2008-11-20 10:00:00,0.3561885440995223
2008-11-21 10:00:00,0.3556563693516884
2008-11-24 10:00:00,0.35530004470304677
2008-11-25 10:00:00,0.35456077949688936
2008-11-26 10:00:00,0.3537845790176222
2008-11-27 10:00:00,0.35301339378438973
2008-11-28 10:00:00,0.35279737770659025
2008-12-01 10:00:00,0.35213709404862303
2008-12-02 10:00:00,0.35135392923741393
2008-12-03 10:00:00,0.350578423842117
2008-12-04 10:00:00,0.3505643852914494
2008-12-05 10:00:00,0.3498808297359811
2008-12-08 10:00:00,0.34972798269096494
2008-12-10 10:00:00,0.34906019712582204
2008-12-11 10:00:00,0.3483658812542097
2008-12-12 10:00:00,0.3478380073742622
2008-12-15 10:00:00,0.35105424775139427
2008-12-16 10:00:00,0.35344356625975715
2008-12-17 10:00:00,0.35272429847055486
2008-12-18 10:00:00,0.3520347010912012
2008-12-19 10:00:00,0.35214459695663564
2008-12-22 10:00:00,0.35225104384160727
2008-12-23 10:00:00,0.3524109793536696
2008-12-24 10:00:00,0.35167707925647723
2008-12-26 10:00:00,0.3510267194925151
2008-12-29 10:00:00,0.3503087629527235
2008-12-30 10:00:00,0.35001047677323877
2008-12-31 10:00:00,0.3498354868019571
2009-01-02 10:00:00,0.3541652253143461
2009-01-05 10:00:00,0.3535701044968895
2009-01-06 10:00:00,0.3529131306632993
2009-01-07 10:00:00,0.3569814957405627
2009-01-09 10:00:00,0.356680505484826
2009-01-12 10:00:00,0.35714908685107855
2009-01-13 10:00:00,0.35643842131699927
2009-01-14 10:00:00,0.3557727449569481
2009-01-15 10:00:00,0.35658962616841283
2009-01-16 10:00:00,0.35588923705428643
2009-01-19 10:00:00,0.3553368342176631
2009-01-20 10:00:00,0.35466649039517867
2009-01-21 10:00:00,0.3543274054496436
2009-01-22 10:00:00,0.354847479213489
2009-01-23 10:00:00,0.35459957254834
2009-01-27 10:00:00,0.3541064151209573
2009-01-28 10:00:00,0.3535694282956923
2009-01-29 10:00:00,0.353479292980996
2009-01-30 10:00:00,0.35307429384353756
2009-02-02 10:00:00,0.35240593361462086
2009-02-03 10:00:00,0.3517412473493472
2009-02-04 10:00:00,0.3511844588807891
2009-02-05 10:00:00,0.35070960483607816
2009-02-06 10:00:00,0.35006289978458854
2009-02-09 10:00:00,0.3506394338569565
2009-02-10 10:00:00,0.3501650513153864
2009-02-11 10:00:00,0.3495659212176734
2009-02-12 10:00:00,0.3490964626130169
2009-02-13 10:00:00,0.3485810820435388
2009-02-16 10:00:00,0.349780491629496
2009-02-17 10:00:00,0.3496194583263205
2009-02-18 10:00:00,0.3490223144128666
2009-02-19 10:00:00,0.3489662399444314
2009-02-20 10:00:00,0.348346224864265
2009-02-24 10:00:00,0.34874571982739533
2009-02-25 10:00:00,0.3481703690132066
2009-02-26 10:00:00,0.347642242317207
2009-02-27 10:00:00,0.347107366128861
2009-03-02 10:00:00,0.3479630369022968
2009-03-03 10:00:00,0.3482768476565916
2009-03-04 10:00:00,0.3476689881837492
2009-03-05 10:00:00,0.34760194617152895
2009-03-06 10:00:00,0.34734346925826265
2009-03-09 10:00:00,0.34729256811688014
2009-03-12 10:00:00,0.34708854164454805
2009-03-13 10:00:00,0.3470928452050782
2009-03-16 10:00:00,0.3476175176684701
2009-03-17 10:00:00,0.3470692261424563
2009-03-18 10:00:00,0.3468839096084708
2009-03-19 10:00:00,0.3463997528176654
2009-03-20 10:00:00,0.3459657916274222
2009-03-23 10:00:00,0.3470490742024542
2009-03-24 10:00:00,0.3467610107505716
2009-03-25 10:00:00,0.34628684673697346
2009-03-26 10:00:00,0.34585772313208785
2009-03-27 10:00:00,0.34625278339792487
2009-03-30 10:00:00,0.34620090542295096
2009-03-31 10:00:00,0.34694882964530804
2009-04-01 10:00:00,0.904124893020544
2009-04-02 10:00:00,0.9914528402396031
2009-04-06 10:00:00,0.9901773531135706
2009-04-08 10:00:00,0.9902363875782378
2009-04-09 10:00:00,0.9886520278200449
2009-04-13 10:00:00,0.988331960293931
2009-04-15 10:00:00,0.991894334854043
2009-04-16 10:00:00,0.9911451222473587
2009-04-17 10:00:00,0.9905819188580267
2009-04-20 10:00:00,0.9889982238682392
2009-04-21 10:00:00,0.9874199082968287
2009-04-22 10:00:00,0.985855529721301
2009-04-23 10:00:00,0.9844386475339871
2009-04-24 10:00:00,0.9845139036100102
2009-04-27 10:00:00,0.9834544808715795
2009-04-28 10:00:00,0.9825215031730474
2009-04-29 10:00:00,0.981375876041437
2009-04-30 10:00:00,0.9798479150631458
2009-05-04 10:00:00,0.9784286660861894
2009-05-05 10:00:00,0.9772404772686174
2009-05-06 10:00:00,0.9758680827057579
2009-05-07 10:00:00,0.9915681054473974
2009-05-08 10:00:00,0.9900450815364524
2009-05-11 10:00:00,0.98853778741954
2009-05-12 10:00:00,0.9870291249537847
2009-05-13 10:00:00,0.9855278968361516
2009-05-14 10:00:00,0.9840630881582648
2009-05-15 10:00:00,0.9828165631514875
2009-05-18 10:00:00,0.9887894604448372
2009-05-19 10:00:00,0.9873624528611485
2009-05-20 10:00:00,0.9872377844197824
2009-05-21 10:00:00,0.9858522622175839
2009-05-22 10:00:00,0.984392454587456
2009-05-25 10:00:00,0.9838314073152932
2009-05-26 10:00:00,0.9827553297605541
2009-05-27 10:00:00,0.9817480153156243
2009-05-28 10:00:00,0.9803067774793082
2009-05-29 10:00:00,0.9791922341137278
2009-06-01 10:00:00,0.9778668702306171
2009-06-02 10:00:00,0.9764621821178314
2009-06-03 10:00:00,0.9752396836231598
2009-06-04 10:00:00,0.9740425843928051
2009-06-05 10:00:00,0.972905381049087
2009-06-08 10:00:00,0.9730840555737972
2009-06-09 10:00:00,0.9719332933050222
2009-06-10 10:00:00,0.9705358370750741
2009-06-11 10:00:00,0.9691592754230027
2009-06-12 10:00:00,0.9678304215071258
2009-06-15 10:00:00,0.9665074934623794
2009-06-16 10:00:00,0.9652058829250454
2009-06-17 10:00:00,0.964551694093655
2009-06-18 10:00:00,0.9635447103913523
2009-06-19 10:00:00,0.9622852045539856
2009-06-22 10:00:00,0.9610255747485479
2009-06-23 10:00:00,0.9596790449662871
2009-06-24 10:00:00,0.9587804124368379
2009-06-25 10:00:00,0.9574525362916723
2009-06-26 10:00:00,0.9565598531810287
2009-06-29 10:00:00,0.955307757723097
2009-06-30 10:00:00,0.9544973828149943
2009-07-01 10:00:00,0.953275887439045
2009-07-02 10:00:00,0.9519859000188376
2009-07-03 10:00:00,0.9507049854584926
2009-07-06 10:00:00,0.9503098297270851
2009-07-07 10:00:00,0.9491847042825934
2009-07-08 10:00:00,0.9488029488460069
2009-07-09 10:00:00,0.9475179297246974
2009-07-10 10:00:00,0.9464172726821195
2009-07-13 10:00:00,0.94555905405505
2009-07-14 10:00:00,0.945327279541442
2009-07-15 10:00:00,0.9449310099376458
2009-07-16 10:00:00,0.9436871285470944
2009-07-17 10:00:00,0.9426993615442342
2009-07-20 10:00:00,0.9426306875970348
2009-07-21 10:00:00,0.9413869999308788
2009-07-22 10:00:00,0.9401413202674924
2009-07-23 10:00:00,0.9394418721766958
2009-07-24 10:00:00,0.9382748249544124
2009-07-27 10:00:00,0.9370430486498903
2009-07-28 10:00:00,0.9358412055445731
2009-07-29 10:00:00,0.9346654220791714
2009-07-30 10:00:00,0.933465328219551
2009-07-31 10:00:00,0.9323079737586177
2009-08-03 10:00:00,0.9313189703871788
2009-08-04 10:00:00,0.930116285939204
2009-08-05 10:00:00,0.9290281730954216
2009-08-06 10:00:00,0.9279510317291687
2009-08-07 10:00:00,0.9268419352149215
2009-08-10 10:00:00,0.9258010429356994
2009-08-11 10:00:00,0.9246244099162055
2009-08-12 10:00:00,0.9234503252833313
2009-08-13 10:00:00,0.9226735340530656
2009-08-14 10:00:00,0.9215380078087945
2009-08-17 10:00:00,0.9208453183818454
2009-08-18 10:00:00,0.9198661555582227
2009-08-19 10:00:00,0.9187552977667514
2009-08-20 10:00:00,0.9176676878486134
2009-08-21 10:00:00,0.9165205455407308
2009-08-24 10:00:00,0.9154640570334447
2009-08-25 10:00:00,0.9143488451530942
2009-08-26 10:00:00,0.9133019939381946
2009-08-27 10:00:00,0.9121720501177508
2009-08-28 10:00:00,0.91107938827714
2009-08-31 10:00:00,0.9099566929969565
2009-09-01 10:00:00,0.9088503598780282
2009-09-02 10:00:00,0.9077470761571987
2009-09-03 10:00:00,0.9066400971483323
2009-09-04 10:00:00,0.9055502352346075
2009-09-07 10:00:00,0.9044597644477875
2009-09-08 10:00:00,0.9033619051558588
2009-09-09 10:00:00,0.9022849339854317
2009-09-10 10:00:00,0.9011946197281813
2009-09-11 10:00:00,0.9001100414227924
2009-09-14 10:00:00,0.899031303302047
2009-09-15 10:00:00,0.8979685569328296
2009-09-16 10:00:00,0.8968948496829364
2009-09-17 10:00:00,0.8958243137671202
2009-09-18 10:00:00,0.8947581664449173
2009-09-22 10:00:00,0.8937138664789235
2009-09-23 10:00:00,0.892697388468948
2009-09-24 10:00:00,0.8916852240263242
2009-09-25 10:00:00,0.8906832057234169
2009-09-29 10:00:00,0.8896385392419544
2009-09-30 10:00:00,0.8885980721979722
2009-10-01 10:00:00,0.8875591346285593
2009-10-05 10:00:00,0.8865864018308318
2009-10-06 10:00:00,0.8855527641967772
2009-10-07 10:00:00,0.88452600050128
2009-10-08 10:00:00,0.883507908067341
2009-10-09 10:00:00,0.8824859335430856
2009-10-12 10:00:00,0.8814793254419296
2009-10-13 10:00:00,0.8804859707730355
2009-10-14 10:00:00,0.8795234870777966
2009-10-15 10:00:00,0.8785160789137085
2009-10-16 10:00:00,0.8775372837353967
2009-10-20 10:00:00,0.8768585605775646
2009-10-21 10:00:00,0.875860177892452
2009-10-22 10:00:00,0.8750284580877541
2009-10-23 10:00:00,0.8740574676944473
2009-10-26 10:00:00,0.8730682159003497
2009-10-27 10:00:00,0.8723541511299342
2009-10-28 10:00:00,0.8713994603660203
2009-10-29 10:00:00,0.8705846906437121
2009-10-30 10:00:00,0.8696126276401294
2009-11-03 10:00:00,0.8689832272011498
2009-11-04 10:00:00,0.8680343727953764
2009-11-05 10:00:00,0.8672765649067515
2009-11-06 10:00:00,0.8664311094153002
2009-11-09 10:00:00,0.8655855365257796
2009-11-10 10:00:00,0.8646399099098661
2009-11-11 10:00:00,0.8636888663788513
2009-11-12 10:00:00,0.8627388829980918
2009-11-13 10:00:00,0.8618019136842638
2009-11-16 10:00:00,0.8609190970979097
2009-11-17 10:00:00,0.8599945653697507
2009-11-18 10:00:00,0.859061024051209
2009-11-19 10:00:00,0.8582614297997011
2009-11-20 10:00:00,0.8573405788398178
2009-11-23 10:00:00,0.8564947895476054
2009-11-24 10:00:00,0.8556094717703203
2009-11-25 10:00:00,0.8546912243955515
2009-11-26 10:00:00,0.8537889104324509
2009-11-27 10:00:00,0.8529040851778916
2009-11-30 10:00:00,0.8522243203422851
2009-12-01 10:00:00,0.8513460530647443
2009-12-02 10:00:00,0.8504603119565913
2009-12-03 10:00:00,0.8496049989465978
2009-12-04 10:00:00,0.848749632218227
2009-12-07 10:00:00,0.8478600708158432
2009-12-08 10:00:00,0.8470766220142021
2009-12-09 10:00:00,0.8461813214219932
2009-12-10 10:00:00,0.845316496004235
2009-12-11 10:00:00,0.8444920763320036
2009-12-14 10:00:00,0.8436628030178911
2009-12-15 10:00:00,0.8429323207962232
2009-12-16 10:00:00,0.8420772690940427
2009-12-17 10:00:00,0.8412000343686299
2009-12-18 10:00:00,0.8403420247067614
2009-12-21 10:00:00,0.8394853955575003
2009-12-22 10:00:00,0.8387010409082226
2009-12-23 10:00:00,0.8378329315536798
2009-12-24 10:00:00,0.8369675122806264
2009-12-29 10:00:00,0.836104769224394
2009-12-30 10:00:00,0.8352446886201484
2009-12-31 10:00:00,0.8343872568019705
2010-01-04 10:00:00,0.8346617829929225
2010-01-05 10:00:00,0.8338084996668385
2010-01-06 10:00:00,0.8329670878607278
2010-01-07 10:00:00,0.8321624482329527
2010-01-08 10:00:00,0.8313211953561659
2010-01-11 10:00:00,0.8305893343876742
2010-01-12 10:00:00,0.8297588771793797
2010-01-13 10:00:00,0.828961768820648
2010-01-14 10:00:00,0.8282006537334564
2010-01-15 10:00:00,0.8273716822760208
2010-01-18 10:00:00,0.8267022907734084
2010-01-19 10:00:00,0.825883644220973
2010-01-20 10:00:00,0.8251414477379129
2010-01-21 10:00:00,0.8244857336217182
2010-01-22 10:00:00,0.8237509248950359
2010-01-25 10:00:00,0.8229575031215727
2010-01-27 10:00:00,0.8231519457846932
2010-01-28 10:00:00,0.8223654167459266
2010-01-29 10:00:00,0.8216985617759587
2010-02-01 10:00:00,0.8211477904679612
2010-02-02 10:00:00,0.8203549539660706
2010-02-03 10:00:00,0.819549410909969
2010-02-04 10:00:00,0.8187941779724636
2010-02-05 10:00:00,0.8183075374123953
2010-02-08 10:00:00,0.8175782278186476
2010-02-09 10:00:00,0.8168008173514398
2010-02-10 10:00:00,0.8161669286030505
2010-02-11 10:00:00,0.8156021905695133
2010-02-15 10:00:00,0.8149035453869212
2010-02-16 10:00:00,0.8141209508196353
2010-02-17 10:00:00,0.813340599723683
2010-02-18 10:00:00,0.8125612295699253
2010-02-19 10:00:00,0.8118646072458684
2010-02-22 10:00:00,0.8111269421140017
2010-02-23 10:00:00,0.8103907167991329
2010-02-24 10:00:00,0.8096388117359875
2010-02-25 10:00:00,0.8088663794716412
2010-02-26 10:00:00,0.8081921738588447
2010-03-02 10:00:00,0.8076400154357661
2010-03-03 10:00:00,0.8071855652129925
2010-03-04 10:00:00,0.8066020451880948
2010-03-05 10:00:00,0.8058489089779591
2010-03-08 10:00:00,0.8051036718341544
2010-03-09 10:00:00,0.8043488367440379
2010-03-10 10:00:00,0.8035963252322224
2010-03-11 10:00:00,0.8028604364421862
2010-03-12 10:00:00,0.8021107082149306
2010-03-15 10:00:00,0.8014357315565375
2010-03-16 10:00:00,0.8008311136914944
2010-03-17 10:00:00,0.8000864133940767
2010-03-18 10:00:00,0.7993728550506282
2010-03-19 10:00:00,0.7986595796960281
2010-03-22 10:00:00,0.7980640227350012
2010-03-23 10:00:00,0.7973261725084507
2010-03-25 10:00:00,0.7965955065755497
2010-03-26 10:00:00,0.7958645609293709
2010-03-29 10:00:00,0.7954203975576445
2010-03-30 10:00:00,0.7946952047234662
2010-03-31 10:00:00,0.7939756405724995
2010-04-01 10:00:00,0.7933013458924432
2010-04-05 10:00:00,0.7928944778498942
2010-04-06 10:00:00,0.7921904728872612
2010-04-07 10:00:00,0.7914705262787572
2010-04-08 10:00:00,0.7907520803235103
2010-04-09 10:00:00,0.7900615522333535
2010-04-12 10:00:00,0.7893476297283073
2010-04-13 10:00:00,0.7886466534501316
2010-04-15 10:00:00,0.787968153508949
2010-04-16 10:00:00,0.7872602821944635
2010-04-19 10:00:00,0.7865633318221832
2010-04-20 10:00:00,0.7859746724142765
2010-04-21 10:00:00,0.7852906581636688
2010-04-22 10:00:00,0.78459967762457
2010-04-23 10:00:00,0.7839001888976641
2010-04-26 10:00:00,0.7832028267139662
2010-04-27 10:00:00,0.7825530174542715
2010-04-28 10:00:00,0.7820249546319021
2010-04-29 10:00:00,0.7813853758492196
2010-04-30 10:00:00,0.7806948009422959
2010-05-03 10:00:00,0.7800188264983589
2010-05-04 10:00:00,0.7794010845232202
2010-05-05 10:00:00,0.7787209426155727
2010-05-06 10:00:00,0.7780412467151616
2010-05-07 10:00:00,0.7777497366878318
2010-05-10 10:00:00,0.7775451708034543
2010-05-11 10:00:00,0.7770558243610389
2010-05-12 10:00:00,0.7763819322020459
2010-05-13 10:00:00,0.7758778518796844
2010-05-14 10:00:00,0.7753331352755932
2010-05-17 10:00:00,0.7749948772171004
2010-05-18 10:00:00,0.7743364712406255
2010-05-19 10:00:00,0.7740829309631246
2010-05-20 10:00:00,0.7734649431288588
2010-05-21 10:00:00,0.7728257693437185
2010-05-24 10:00:00,0.7722279838809868
2010-05-25 10:00:00,0.7720207139709111
2010-05-26 10:00:00,0.7718664573564922
2010-05-27 10:00:00,0.7712261852787976
2010-05-28 10:00:00,0.7706610343123472
2010-05-31 10:00:00,0.7700073944520243
2010-06-01 10:00:00,0.7694358551612516
2010-06-02 10:00:00,0.7688400617937586
2010-06-03 10:00:00,0.7681978283845176
2010-06-04 10:00:00,0.7675557390520976
2010-06-07 10:00:00,0.7669630339431064
2010-06-08 10:00:00,0.766339169222239
2010-06-09 10:00:00,0.7657737569151998
2010-06-10 10:00:00,0.7652167039498841
2010-06-11 10:00:00,0.7645890290757439
2010-06-14 10:00:00,0.7640736892670794
2010-06-15 10:00:00,0.7634729414208908
2010-06-16 10:00:00,0.7628354595438231
2010-06-17 10:00:00,0.7621995566806272
2010-06-18 10:00:00,0.7616353008640108
2010-06-21 10:00:00,0.761097900149813
2010-06-22 10:00:00,0.7604834070675238
2010-06-23 10:00:00,0.7598543212355117
2010-06-24 10:00:00,0.7592703313388349
2010-06-25 10:00:00,0.7586709247197457
2010-06-28 10:00:00,0.7580465497149288
2010-06-29 10:00:00,0.7574505555677299
2010-06-30 10:00:00,0.7568286605698183
2010-07-01 10:00:00,0.756262515459254
2010-07-02 10:00:00,0.7556446603716217
2010-07-05 10:00:00,0.755059120451553
2010-07-06 10:00:00,0.7544462369711852
2010-07-07 10:00:00,0.7538407927521907
2010-07-08 10:00:00,0.7532471375917994
2010-07-09 10:00:00,0.752642146636277
2010-07-12 10:00:00,0.7520735827346859
2010-07-13 10:00:00,0.7515674890965371
2010-07-14 10:00:00,0.7510268599796921
2010-07-15 10:00:00,0.7504224640082797
2010-07-16 10:00:00,0.7498280623900071
2010-07-19 10:00:00,0.7492536005157296
2010-07-20 10:00:00,0.7486943366233763
2010-07-21 10:00:00,0.7481226787781747
2010-07-22 10:00:00,0.7475388704281903
2010-07-23 10:00:00,0.7469713296418691
2010-07-26 10:00:00,0.746383592213244
2010-07-27 10:00:00,0.7457891405034297
2010-07-28 10:00:00,0.7452101964391756
2010-07-29 10:00:00,0.7452737735785951
2010-07-30 10:00:00,0.7446857944528397
2010-08-02 10:00:00,0.74409874230841
2010-08-03 10:00:00,0.743536952890947
2010-08-04 10:00:00,0.7429808951698103
2010-08-05 10:00:00,0.7424410823450555
2010-08-06 10:00:00,0.7419161615462729
2010-08-09 10:00:00,0.7414124965582917
2010-08-10 10:00:00,0.7408685902714764
2010-08-11 10:00:00,0.740290842405855
2010-08-12 10:00:00,0.739715848069844
2010-08-13 10:00:00,0.7391484676803571
2010-08-16 10:00:00,0.7385731996874814
2010-08-17 10:00:00,0.7380033053627254
2010-08-18 10:00:00,0.7374435274229
2010-08-19 10:00:00,0.7368720592702852
2010-08-20 10:00:00,0.7363296776217909
2010-08-23 10:00:00,0.7357618341741884
2010-08-24 10:00:00,0.7352329443923187
2010-08-25 10:00:00,0.7347073228883921
2010-08-26 10:00:00,0.7341436467889199
2010-08-27 10:00:00,0.7336958149185854
2010-08-30 10:00:00,0.7331403845363492
2010-08-31 10:00:00,0.7326953165772028
2010-09-01 10:00:00,0.7322246518707243
2010-09-02 10:00:00,0.7322883543802478
2010-09-03 10:00:00,0.7317765373321603
2010-09-06 10:00:00,0.7313092099410499
2010-09-07 10:00:00,0.7307647561750005
2010-09-08 10:00:00,0.730215052296265
2010-09-09 10:00:00,0.7296721366559766
2010-09-13 10:00:00,0.7291199919240609
2010-09-14 10:00:00,0.7286519931334986
2010-09-15 10:00:00,0.7281078563436308
2010-09-16 10:00:00,0.7276283503412794
2010-09-17 10:00:00,0.727153872838039
2010-09-20 10:00:00,0.7266606230045379
2010-09-21 10:00:00,0.7261546133335838
2010-09-22 10:00:00,0.725650797057417
2010-09-23 10:00:00,0.7251294805502803
2010-09-24 10:00:00,0.72476492861844
2010-09-27 10:00:00,0.7243075689949942
2010-09-28 10:00:00,0.7237734591491449
2010-09-29 10:00:00,0.7232355800640867
2010-09-30 10:00:00,0.7227152498135675
2010-10-01 10:00:00,0.7222487992971012
2010-10-04 10:00:00,0.721837136689569
2010-10-05 10:00:00,0.7213303372039425
2010-10-06 10:00:00,0.720835986209711
2010-10-07 10:00:00,0.7203087456337547
2010-10-08 10:00:00,0.7198011163063117
2010-10-11 10:00:00,0.7193054498220817
2010-10-12 10:00:00,0.7188116474424902
2010-10-13 10:00:00,0.718292807291302
2010-10-14 10:00:00,0.7178284689023675
2010-10-15 10:00:00,0.7173255741534071
2010-10-18 10:00:00,0.7168091137937875
2010-10-19 10:00:00,0.7163125705735267
2010-10-20 10:00:00,0.715800224473967
2010-10-21 10:00:00,0.71532083818764
2010-10-22 10:00:00,0.7148525515648975
2010-10-25 10:00:00,0.7143411237927699
2010-10-26 10:00:00,0.7138326586283149
2010-10-27 10:00:00,0.7133615144582227
2010-10-28 10:00:00,0.7129260794856077
2010-10-29 10:00:00,0.7124213142763165
2010-11-01 10:00:00,0.7119095555930692
2010-11-02 10:00:00,0.7114246373557508
2010-11-03 10:00:00,0.7110037256129919
2010-11-04 10:00:00,0.710601213775544
2010-11-08 10:00:00,0.7108108483677212
2010-11-09 10:00:00,0.710316834753626
2010-11-10 10:00:00,0.7098669728941176
2010-11-11 10:00:00,0.7093869286632979
2010-11-12 10:00:00,0.7090754764949786
2010-11-15 10:00:00,0.7085784598546325
2010-11-16 10:00:00,0.708461208668748
2010-11-18 10:00:00,0.7079854165086858
2010-11-19 10:00:00,0.707637490056035
2010-11-22 10:00:00,0.7072130253361906
2010-11-23 10:00:00,0.7068604111216418
2010-11-24 10:00:00,0.7064296499063626
2010-11-25 10:00:00,0.706140504125907
2010-11-26 10:00:00,0.7061960257342161
2010-11-29 10:00:00,0.7059387959909902
2010-11-30 10:00:00,0.7054694512899392
2010-12-01 10:00:00,0.7054157350240179
2010-12-02 10:00:00,0.7051273995414681
2010-12-03 10:00:00,0.7054274564871879
2010-12-06 10:00:00,0.7050896176451041
2010-12-07 10:00:00,0.7048031030004838
2010-12-08 10:00:00,0.7047195340318622
2010-12-09 10:00:00,0.7056737730972701
2010-12-10 10:00:00,0.7052187845122362
2010-12-13 10:00:00,0.7051551243486704
2010-12-14 10:00:00,0.7047372873935128
2010-12-15 10:00:00,0.7042788969047719
2010-12-16 10:00:00,0.703829794731524
2010-12-20 10:00:00,0.7033475016932592
2010-12-21 10:00:00,0.7028673635694968
2010-12-22 10:00:00,0.7024323800625547
2010-12-23 10:00:00,0.7019657183807428
2010-12-24 10:00:00,0.7014873332690169
2010-12-27 10:00:00,0.7010087216802985
2010-12-28 10:00:00,0.7005311707839665
2010-12-29 10:00:00,0.7001324015860922
2010-12-30 10:00:00,0.6996567183971737
2010-12-31 10:00:00,0.6992597968114003
2011-01-03 10:00:00,0.6987916874887763
2011-01-04 10:00:00,0.6983378358193767
2011-01-05 10:00:00,0.6978690435421956
2011-01-06 10:00:00,0.6975863428424723
2011-01-07 10:00:00,0.6972976285827397
2011-01-10 10:00:00,0.6970951457429572
2011-01-11 10:00:00,0.6967223384709019
2011-01-12 10:00:00,0.6965752112310233
2011-01-13 10:00:00,0.6961271466592842
2011-01-14 10:00:00,0.6956960716387359
2011-01-17 10:00:00,0.6954716646826266
2011-01-18 10:00:00,0.695129714040121
2011-01-19 10:00:00,0.6946723007560922
2011-01-20 10:00:00,0.6942663138609086
2011-01-21 10:00:00,0.693858425715267
2011-01-24 10:00:00,0.6935683384617841
2011-01-25 10:00:00,0.6931109682639299
2011-01-27 10:00:00,0.6926733869134838
2011-01-28 10:00:00,0.6925620914764224
2011-01-31 10:00:00,0.6921056993290925
2011-02-01 10:00:00,0.6918773181974571
2011-02-02 10:00:00,0.6914221296658908
2011-02-03 10:00:00,0.6910727125042199
2011-02-04 10:00:00,0.6907989874807243
2011-02-07 10:00:00,0.6903703751575934
2011-02-08 10:00:00,0.6901327999344318
2011-02-09 10:00:00,0.689923340567519
2011-02-10 10:00:00,0.6894735846349568
2011-02-11 10:00:00,0.6893606134332824
2011-02-14 10:00:00,0.6890750547863631
2011-02-15 10:00:00,0.6886348829359858
2011-02-16 10:00:00,0.6882149493304873
2011-02-17 10:00:00,0.6878763860564768
2011-02-18 10:00:00,0.6875248029120514
2011-02-21 10:00:00,0.6870858260757602
2011-02-22 10:00:00,0.686641829982598
2011-02-23 10:00:00,0.6862047566171032
2011-02-24 10:00:00,0.6865140267666442
2011-02-25 10:00:00,0.6860781736282004
2011-02-28 10:00:00,0.685636568692902
2011-03-01 10:00:00,0.6853572657601582
2011-03-03 10:00:00,0.684941637891888
2011-03-04 10:00:00,0.6845448640995747
2011-03-07 10:00:00,0.6841699873469376
2011-03-08 10:00:00,0.68376578570621
2011-03-09 10:00:00,0.6833923161536811
2011-03-10 10:00:00,0.6829629044088784
2011-03-11 10:00:00,0.6825976099230662
2011-03-14 10:00:00,0.6821635159509258
2011-03-15 10:00:00,0.6818122782042905
2011-03-16 10:00:00,0.6814406343880781
2011-03-17 10:00:00,0.6810899017085853
2011-03-18 10:00:00,0.680666955138999
2011-03-21 10:00:00,0.6802378966814265
2011-03-22 10:00:00,0.6798136519021031
2011-03-23 10:00:00,0.6794148502173447
2011-03-24 10:00:00,0.6789893170695459
2011-03-25 10:00:00,0.6787016195455773
2011-03-28 10:00:00,0.6783206347756852
2011-03-29 10:00:00,0.6779205125971378
2011-03-30 10:00:00,0.6775913724290185
2011-03-31 10:00:00,0.677185570342697
2011-04-01 10:00:00,0.6768870899626207
2011-04-04 10:00:00,0.676582971527205
2011-04-05 10:00:00,0.6761611984367029
2011-04-06 10:00:00,0.6758507886656455
2011-04-07 10:00:00,0.6754905038802065
2011-04-08 10:00:00,0.6751396865476155
2011-04-11 10:00:00,0.674757284966971
2011-04-13 10:00:00,0.6744989505017984
2011-04-15 10:00:00,0.6740933955136139
2011-04-18 10:00:00,0.6737081920764942
2011-04-19 10:00:00,0.673293747110292
2011-04-20 10:00:00,0.6730116371703451
2011-04-21 10:00:00,0.6726681541938994
2011-04-25 10:00:00,0.6724110551601846
2011-04-26 10:00:00,0.6719987364068915
2011-04-27 10:00:00,0.6715864707521313
2011-04-28 10:00:00,0.6712040727914721
2011-04-29 10:00:00,0.6708620559950854
2011-05-02 10:00:00,0.670509678339306
2011-05-03 10:00:00,0.6701808764865596
2011-05-04 10:00:00,0.6697724292486185
2011-05-05 10:00:00,0.6694162114230061
2011-05-06 10:00:00,0.66901451085102
2011-05-09 10:00:00,0.6686079664428529
2011-05-10 10:00:00,0.6682647632375956
2011-05-11 10:00:00,0.6678622817237432
2011-05-12 10:00:00,0.667458189680213
2011-05-13 10:00:00,0.6670670246032393
2011-05-16 10:00:00,0.6666640847751331
2011-05-17 10:00:00,0.666404431501799
2011-05-18 10:00:00,0.6661240559285061
2011-05-19 10:00:00,0.6658628192406443
2011-05-20 10:00:00,0.665618811978571
2011-05-23 10:00:00,0.6652412001079144
2011-05-24 10:00:00,0.6648627231895737
2011-05-25 10:00:00,0.6644645925407585
2011-05-26 10:00:00,0.664067673517596
2011-05-27 10:00:00,0.6636709842414369
2011-05-30 10:00:00,0.6632888261777695
2011-05-31 10:00:00,0.6629247705397753
2011-06-01 10:00:00,0.6625308282470872
2011-06-02 10:00:00,0.6621596636624786
2011-06-03 10:00:00,0.6617761027457708
2011-06-06 10:00:00,0.6613858604450593
2011-06-07 10:00:00,0.660999030201868
2011-06-08 10:00:00,0.6606232901506798
2011-06-09 10:00:00,0.6602327791170584
2011-06-10 10:00:00,0.6598480857038388
2011-06-13 10:00:00,0.6594679037515492
2011-06-14 10:00:00,0.6590813574009919
2011-06-15 10:00:00,0.6587287372818749
2011-06-16 10:00:00,0.6583748194532846
2011-06-17 10:00:00,0.6580424615973272
2011-06-20 10:00:00,0.6578279827048038
2011-06-21 10:00:00,0.6574458401688198
2011-06-22 10:00:00,0.6570688934832835
2011-06-23 10:00:00,0.6566906752094211
2011-06-24 10:00:00,0.6564641007679539
2011-06-27 10:00:00,0.6561455835146864
2011-06-28 10:00:00,0.6558028867141779
2011-06-29 10:00:00,0.6554331436663831
2011-06-30 10:00:00,0.6550533768943242
2011-07-01 10:00:00,0.654674497572589
2011-07-04 10:00:00,0.6543253009940241
2011-07-05 10:00:00,0.6539671445776242
2011-07-06 10:00:00,0.6535914878885906
2011-07-07 10:00:00,0.653384095276185
2011-07-08 10:00:00,0.6530558345738409
2011-07-11 10:00:00,0.6527065312188413
2011-07-12 10:00:00,0.652333468055384
2011-07-13 10:00:00,0.652000925080646
2011-07-14 10:00:00,0.6516416391607849
2011-07-15 10:00:00,0.6512733141299354
2011-07-18 10:00:00,0.6509317284208881
2011-07-19 10:00:00,0.6505738774204863
2011-07-20 10:00:00,0.6502097548636241
2011-07-21 10:00:00,0.6498408603469624
2011-07-22 10:00:00,0.6494783331296431
2011-07-25 10:00:00,0.6491093350340749
2011-07-26 10:00:00,0.6487401401989483
2011-07-27 10:00:00,0.648376873257928
2011-07-28 10:00:00,0.6488308429962473
2011-07-29 10:00:00,0.6484756249464364
2011-08-01 10:00:00,0.648110196184686
2011-08-02 10:00:00,0.6479676587259965
2011-08-03 10:00:00,0.6476169145017389
2011-08-04 10:00:00,0.6472691650268764
2011-08-05 10:00:00,0.6471041314921265
2011-08-08 10:00:00,0.6467735464992459
2011-08-09 10:00:00,0.6464119690176637
2011-08-10 10:00:00,0.646415993345689
2011-08-11 10:00:00,0.6460927616580996
2011-08-12 10:00:00,0.6457451569762256
2011-08-16 10:00:00,0.6454103134726126
2011-08-17 10:00:00,0.6450632106384523
2011-08-18 10:00:00,0.6449929956950222
2011-08-19 10:00:00,0.6446867201396728
2011-08-22 10:00:00,0.644328416525614
2011-08-23 10:00:00,0.6439754176919159
2011-08-24 10:00:00,0.6436348729522515
2011-08-25 10:00:00,0.6432985396564117
2011-08-26 10:00:00,0.6430603510470355
2011-08-29 10:00:00,0.6427985188121254
2011-08-30 10:00:00,0.6426165341144682
2011-09-02 10:00:00,0.6425945096269206
2011-09-05 10:00:00,0.6422409049349435
2011-09-06 10:00:00,0.6420557016712924
2011-09-07 10:00:00,0.6417782917126132
2011-09-08 10:00:00,0.6414438191616859
2011-09-09 10:00:00,0.6411020948312894
2011-09-12 10:00:00,0.640883986018714
2011-09-13 10:00:00,0.6405346782414358
2011-09-14 10:00:00,0.640221653069789
2011-09-15 10:00:00,0.6398946412883644
2011-09-16 10:00:00,0.6395445719847158
2011-09-19 10:00:00,0.639195413612779
2011-09-20 10:00:00,0.6389301273967047
2011-09-21 10:00:00,0.6385920373187747
2011-09-22 10:00:00,0.6384394230169607
2011-09-23 10:00:00,0.6381549593281042
2011-09-26 10:00:00,0.6378808395306069
2011-09-27 10:00:00,0.6375416905115514
2011-09-28 10:00:00,0.637202369472105
2011-09-29 10:00:00,0.6368757670019167
2011-09-30 10:00:00,0.6365503057849032
2011-10-03 10:00:00,0.6362337799943288
2011-10-04 10:00:00,0.6359047083794287
2011-10-05 10:00:00,0.6355921833047521
2011-10-07 10:00:00,0.6353317187763665
2011-10-10 10:00:00,0.6350513905682976
2011-10-11 10:00:00,0.6347491932930913
2011-10-12 10:00:00,0.6344373049067006
2011-10-13 10:00:00,0.6341609795959824
2011-10-14 10:00:00,0.6338218077187453
2011-10-17 10:00:00,0.6334871132145776
2011-10-18 10:00:00,0.6331538213920589
2011-10-19 10:00:00,0.6328805642295797
2011-10-20 10:00:00,0.6325436850309939
2011-10-21 10:00:00,0.6322093253670126
2011-10-24 10:00:00,0.6318736962004367
2011-10-25 10:00:00,0.6315483070831373
2011-10-28 10:00:00,0.6312412726814396
2011-10-31 10:00:00,0.6309062226322398
2011-11-01 10:00:00,0.630584130690756
2011-11-02 10:00:00,0.6310826045988659
2011-11-03 10:00:00,0.630759426401084
2011-11-04 10:00:00,0.6304354028667268
2011-11-08 10:00:00,0.6301148903623589
2011-11-09 10:00:00,0.6301278094903294
2011-11-11 10:00:00,0.6298558369857291
2011-11-14 10:00:00,0.6295363416356068
2011-11-15 10:00:00,0.6294621763307874
2011-11-16 10:00:00,0.6293019341852976
2011-11-17 10:00:00,0.6289870161506909
2011-11-18 10:00:00,0.6286572894803628
2011-11-21 10:00:00,0.6287120308672695
2011-11-22 10:00:00,0.628383174359952
2011-11-23 10:00:00,0.6282406151613968
2011-11-24 10:00:00,0.627913688865186
2011-11-25 10:00:00,0.6276039376615193
2011-11-28 10:00:00,0.6273662610139371
2011-11-29 10:00:00,0.6271297982343363
2011-11-30 10:00:00,0.6268381638114475
2011-12-01 10:00:00,0.6265465930735777
2011-12-02 10:00:00,0.626221638597184
2011-12-05 10:00:00,0.6259244050286145
2011-12-07 10:00:00,0.6257092178105531
2011-12-08 10:00:00,0.6257413318516357
2011-12-09 10:00:00,0.6254257383241602
2011-12-12 10:00:00,0.6251592042433872
2011-12-13 10:00:00,0.6248388615311821
2011-12-14 10:00:00,0.6245302141528604
2011-12-15 10:00:00,0.6242493948328433
2011-12-16 10:00:00,0.6239667875497363
2011-12-19 10:00:00,0.6236522707640516
2011-12-20 10:00:00,0.6236503330765774
2011-12-21 10:00:00,0.6234306013112931
2011-12-22 10:00:00,0.6231183637386781
2011-12-23 10:00:00,0.6228556782842039
2011-12-26 10:00:00,0.6225381946351899
2011-12-27 10:00:00,0.622257026189758
2011-12-28 10:00:00,0.6219401641441523
2011-12-29 10:00:00,0.621740974990291
2011-12-30 10:00:00,0.6214376019654686
2012-01-02 10:00:00,0.6211226648219086
2012-01-03 10:00:00,0.6208927451509348
2012-01-04 10:00:00,0.6205827330315431
2012-01-05 10:00:00,0.6202699668828154
2012-01-06 10:00:00,0.6199561714430436
2012-01-09 10:00:00,0.6197938354783
2012-01-10 10:00:00,0.6194972896035198
2012-01-11 10:00:00,0.6192515799756478
2012-01-12 10:00:00,0.6189971049901832
2012-01-13 10:00:00,0.6187132760535801
2012-01-16 10:00:00,0.6184062108565869
2012-01-17 10:00:00,0.6182360655731546
2012-01-18 10:00:00,0.6179583938469999
2012-01-19 10:00:00,0.617657836260648
2012-01-20 10:00:00,0.6173670688343919
2012-01-23 10:00:00,0.617058017703007
2012-01-24 10:00:00,0.6168696958925866
2012-01-25 10:00:00,0.6165891012268053
2012-01-27 10:00:00,0.6163623271899134
2012-01-30 10:00:00,0.6161908905957255
2012-01-31 10:00:00,0.615908003786373
2012-02-01 10:00:00,0.6156115382486634
2012-02-02 10:00:00,0.6153138106391234
2012-02-03 10:00:00,0.6150094574693276
2012-02-06 10:00:00,0.6147650294587046
2012-02-07 10:00:00,0.6144634232142991
2012-02-08 10:00:00,0.6142857676918856
2012-02-09 10:00:00,0.6139886096440886
2012-02-10 10:00:00,0.6140612660768251
2012-02-13 10:00:00,0.6137589371288981
2012-02-14 10:00:00,0.6134562709260813
2012-02-15 10:00:00,0.6132674763127692
2012-02-16 10:00:00,0.6130300794714838
2012-02-17 10:00:00,0.6127326790212608
2012-02-21 10:00:00,0.6126216827214019
2012-02-22 10:00:00,0.61251738657749
2012-02-23 10:00:00,0.612248428423615
2012-02-24 10:00:00,0.6119737270557529
2012-02-27 10:00:00,0.6118381454535907
2012-02-28 10:00:00,0.6117683494061338
2012-02-29 10:00:00,0.611480628571688
2012-03-01 10:00:00,0.6111951299090419
2012-03-02 10:00:00,0.6109222979086111
2012-03-05 10:00:00,0.6106459088247886
2012-03-06 10:00:00,0.6103817019488483
2012-03-07 10:00:00,0.6100996682161072
2012-03-09 10:00:00,0.6098037949825561
2012-03-12 10:00:00,0.6095149073143581
2012-03-13 10:00:00,0.609225797458997
2012-03-14 10:00:00,0.6089311352621395
2012-03-15 10:00:00,0.6086405893526239
2012-03-16 10:00:00,0.608389070062075
2012-03-19 10:00:00,0.6081363178028636
2012-03-20 10:00:00,0.6079044567640185
2012-03-21 10:00:00,0.6080307969536733
2012-03-22 10:00:00,0.6078904707047824
2012-03-23 10:00:00,0.6075982645779106
2012-03-26 10:00:00,0.6073844693940305
2012-03-27 10:00:00,0.6071425705083082
2012-03-28 10:00:00,0.6069992906649969
2012-03-29 10:00:00,0.6067100152223824
2012-03-30 10:00:00,0.6064265354896164
2012-04-02 10:00:00,0.6061647164975822
2012-04-03 10:00:00,0.6059137833139854
2012-04-04 10:00:00,0.605633271561116
2012-04-09 10:00:00,0.6054410153391591
2012-04-10 10:00:00,0.6051807840961808
2012-04-11 10:00:00,0.6048928095741255
2012-04-12 10:00:00,0.6047734931633993
2012-04-13 10:00:00,0.6046498112232573
2012-04-16 10:00:00,0.6043675539891197
2012-04-17 10:00:00,0.6040902545928987
2012-04-18 10:00:00,0.6038041775804103
2012-04-19 10:00:00,0.6035265049769983
2012-04-20 10:00:00,0.6032701444590823
2012-04-23 10:00:00,0.6031171662630349
2012-04-24 10:00:00,0.6028393780978111
2012-04-25 10:00:00,0.6026156728430191
2012-04-26 10:00:00,0.6023944811728179
2012-04-27 10:00:00,0.6021993609197636
2012-04-30 10:00:00,0.6019822740243231
2012-05-02 10:00:00,0.6017420597677602
2012-05-03 10:00:00,0.6014998706481006
2012-05-04 10:00:00,0.6014750609628654
2012-05-07 10:00:00,0.6012024199917688
2012-05-08 10:00:00,0.6010426450649703
2012-05-09 10:00:00,0.6008248675850867
2012-05-10 10:00:00,0.6005476082778965
2012-05-11 10:00:00,0.6003616346601105
2012-05-14 10:00:00,0.6003635203268234
2012-05-15 10:00:00,0.6001475520030729
2012-05-16 10:00:00,0.5998961868299563
2012-05-17 10:00:00,0.5999088803830627
2012-05-18 10:00:00,0.5996506526162749
2012-05-21 10:00:00,0.5994312885055187
2012-05-22 10:00:00,0.5991565166867494
2012-05-23 10:00:00,0.5989696487549423
2012-05-24 10:00:00,0.5986985812529282
2012-05-25 10:00:00,0.5984302003245501
2012-05-28 10:00:00,0.5981840075533851
2012-05-29 10:00:00,0.5979198711881969
2012-05-30 10:00:00,0.5977222363074938
2012-05-31 10:00:00,0.5976313061775516
2012-06-01 10:00:00,0.5974103537007892
2012-06-04 10:00:00,0.5971469615459901
2012-06-05 10:00:00,0.596912373122786
2012-06-06 10:00:00,0.5966480564174398
2012-06-07 10:00:00,0.5963875311271223
2012-06-08 10:00:00,0.59612830962966
2012-06-11 10:00:00,0.5958610048091214
2012-06-12 10:00:00,0.5956025263441095
2012-06-13 10:00:00,0.5953313148473487
2012-06-14 10:00:00,0.5951381965321759
2012-06-15 10:00:00,0.5948825030478637
2012-06-18 10:00:00,0.5946850164298879
2012-06-19 10:00:00,0.5944887325615023
2012-06-20 10:00:00,0.5942578123244188
2012-06-21 10:00:00,0.5940137122192494
2012-06-22 10:00:00,0.5937547113561699
2012-06-25 10:00:00,0.593486398442227
2012-06-26 10:00:00,0.593219094633186
2012-06-27 10:00:00,0.5929815377867834
2012-06-28 10:00:00,0.5931484690256851
2012-06-29 10:00:00,0.5929776057393821
2012-07-02 10:00:00,0.5927101996155828
2012-07-03 10:00:00,0.5924526555287842
2012-07-04 10:00:00,0.592186695609463
2012-07-05 10:00:00,0.5919201680960291
2012-07-06 10:00:00,0.5917142075698711
2012-07-09 10:00:00,0.5914518678687944
2012-07-10 10:00:00,0.5911894881011472
2012-07-11 10:00:00,0.5909268495247317
2012-07-12 10:00:00,0.5907790348227708
2012-07-13 10:00:00,0.5905381784217695
2012-07-16 10:00:00,0.5902994066559565
2012-07-17 10:00:00,0.5900359264046305
2012-07-18 10:00:00,0.589812913548764
2012-07-19 10:00:00,0.589550236430068
2012-07-20 10:00:00,0.5892903685748169
2012-07-23 10:00:00,0.5890598865579434
2012-07-24 10:00:00,0.5888044413321719
2012-07-25 10:00:00,0.5885542784636844
2012-07-26 10:00:00,0.5891446282404839
2012-07-27 10:00:00,0.5889027314949588
2012-07-30 10:00:00,0.5889712055525973
2012-07-31 10:00:00,0.5887397894088827
2012-08-01 10:00:00,0.588543502315434
2012-08-02 10:00:00,0.5882888466264224
2012-08-03 10:00:00,0.5880290177160378
2012-08-06 10:00:00,0.5877870756191419
2012-08-07 10:00:00,0.5875492377095519
2012-08-08 10:00:00,0.5873681468166422
2012-08-09 10:00:00,0.5871099500459825
2012-08-10 10:00:00,0.5868861353162121
2012-08-13 10:00:00,0.5866451834692964
2012-08-14 10:00:00,0.5863918772689714
2012-08-16 10:00:00,0.5861492907001173
2012-08-17 10:00:00,0.5859253784483864
2012-08-21 10:00:00,0.5856693094675203
2012-08-22 10:00:00,0.5854405493556063
2012-08-23 10:00:00,0.5852223480750433
2012-08-24 10:00:00,0.5849995113664277
2012-08-27 10:00:00,0.5848052664901411
2012-08-28 10:00:00,0.5849380264018443
2012-08-29 10:00:00,0.5846937503272127
2012-08-30 10:00:00,0.5844449296599726
2012-08-31 10:00:00,0.5842666785173386
2012-09-03 10:00:00,0.584016076784833
2012-09-04 10:00:00,0.5837686417491446
2012-09-05 10:00:00,0.5835481109004694
2012-09-06 10:00:00,0.5833278712320237
2012-09-07 10:00:00,0.5830997736172774
2012-09-10 10:00:00,0.5831031265468479
2012-09-11 10:00:00,0.5828521150943577
2012-09-12 10:00:00,0.5826018148993523
2012-09-13 10:00:00,0.5823716281486123
2012-09-14 10:00:00,0.5821254684494388
2012-09-17 10:00:00,0.5819295547232607
2012-09-18 10:00:00,0.5816799968676988
2012-09-20 10:00:00,0.5814997583766591
2012-09-21 10:00:00,0.5812611278358899
2012-09-24 10:00:00,0.5810271847534787
2012-09-25 10:00:00,0.5807808594965795
2012-09-26 10:00:00,0.5805976614092533
2012-09-27 10:00:00,0.5803504356003024
2012-09-28 10:00:00,0.5801022900106365
2012-10-01 10:00:00,0.5798787338530793
2012-10-03 10:00:00,0.5796313156052326
2012-10-04 10:00:00,0.5793884992817793
2012-10-05 10:00:00,0.5791967240891173
2012-10-08 10:00:00,0.5789582767484579
2012-10-09 10:00:00,0.5787276252316723
2012-10-10 10:00:00,0.5784951114119027
2012-10-11 10:00:00,0.5783100913608238
2012-10-12 10:00:00,0.5780645868490109
2012-10-15 10:00:00,0.5778221592644744
2012-10-16 10:00:00,0.5775975974573828
2012-10-17 10:00:00,0.5773618131309246
2012-10-18 10:00:00,0.5771301995513586
2012-10-19 10:00:00,0.5769613360919903
2012-10-22 10:00:00,0.576757016800193
2012-10-23 10:00:00,0.5765343695701842
2012-10-25 10:00:00,0.5763060268179572
2012-10-29 10:00:00,0.5760632652385548
2012-10-30 10:00:00,0.5758321218314008
2012-10-31 10:00:00,0.5756424237506307
2012-11-01 10:00:00,0.575403755316831
2012-11-02 10:00:00,0.5751930715751561
2012-11-05 10:00:00,0.5749519143551388
2012-11-06 10:00:00,0.5747113694630671
2012-11-07 10:00:00,0.574483667197999
2012-11-08 10:00:00,0.5742501761175629
2012-11-09 10:00:00,0.5740131237322953
2012-11-12 10:00:00,0.5737748355280499
2012-11-15 10:00:00,0.5735353137858252
2012-11-16 10:00:00,0.5733400591348813
2012-11-19 10:00:00,0.5731027133348552
2012-11-20 10:00:00,0.5728814638498113
2012-11-21 10:00:00,0.5726431877004234
2012-11-22 10:00:00,0.5724073965707651
2012-11-23 10:00:00,0.5721702470611804
2012-11-26 10:00:00,0.5720374075482043
2012-11-27 10:00:00,0.5718037132737063
2012-11-29 10:00:00,0.5716193992023969
2012-11-30 10:00:00,0.5714291343781548
2012-12-03 10:00:00,0.5711999216538146
2012-12-04 10:00:00,0.5709667532787939
2012-12-05 10:00:00,0.5707398630223613
2012-12-06 10:00:00,0.5705218356507825
2012-12-07 10:00:00,0.570303088328205
2012-12-10 10:00:00,0.5700707322340521
2012-12-11 10:00:00,0.5698964522835062
2012-12-12 10:00:00,0.5696820632747982
2012-12-13 10:00:00,0.5694631960270387
2012-12-14 10:00:00,0.5692796195357976
2012-12-17 10:00:00,0.5691715600849768
2012-12-18 10:00:00,0.568970734810631
2012-12-19 10:00:00,0.5687765062992977
2012-12-20 10:00:00,0.5685599710495697
2012-12-21 10:00:00,0.5686090145536102
2012-12-24 10:00:00,0.5684050339810592
2012-12-26 10:00:00,0.5681854421204778
2012-12-27 10:00:00,0.5679693025720937
2012-12-28 10:00:00,0.5677498799955734
2012-12-31 10:00:00,0.5675199529971291
2013-01-01 10:00:00,0.5673065528184534
2013-01-02 10:00:00,0.5671248066095412
2013-01-03 10:00:00,0.5668945017118844
2013-01-04 10:00:00,0.5667419668097483
2013-01-07 10:00:00,0.5665360360777166
2013-01-08 10:00:00,0.5663080627201234
2013-01-09 10:00:00,0.566081925689166
2013-01-10 10:00:00,0.5658806581486039
2013-01-11 10:00:00,0.5657734709956007
2013-01-14 10:00:00,0.5655860639027078
2013-01-15 10:00:00,0.5653579908103212
2013-01-16 10:00:00,0.5652413788378257
2013-01-17 10:00:00,0.5650202881096861
2013-01-18 10:00:00,0.564794008521079
2013-01-21 10:00:00,0.5645677195876929
2013-01-22 10:00:00,0.5644106147128511
2013-01-23 10:00:00,0.5642836660795927
2013-01-24 10:00:00,0.5644139745566027
2013-01-25 10:00:00,0.564204800795959
2013-01-28 10:00:00,0.5639943836423393
2013-01-29 10:00:00,0.5638016711884892
2013-01-30 10:00:00,0.5635946222530225
2013-01-31 10:00:00,0.5633709133458733
2013-02-01 10:00:00,0.5631504147487315
2013-02-04 10:00:00,0.5629733688264144
2013-02-05 10:00:00,0.5628115673723253
2013-02-06 10:00:00,0.5625976084092928
2013-02-07 10:00:00,0.5624460330916125
2013-02-08 10:00:00,0.5622442434341334
2013-02-11 10:00:00,0.5620212029904036
2013-02-12 10:00:00,0.5618121020403205
2013-02-13 10:00:00,0.5615898864536588
2013-02-14 10:00:00,0.5613808427780349
2013-02-15 10:00:00,0.5611774927321542
2013-02-18 10:00:00,0.5609554670480673
2013-02-19 10:00:00,0.5607418526276323
2013-02-20 10:00:00,0.5605247885588762
2013-02-21 10:00:00,0.5603595058302949
2013-02-22 10:00:00,0.560147267711474
2013-02-25 10:00:00,0.559932098975026
2013-02-26 10:00:00,0.5599678680610156
2013-02-27 10:00:00,0.5597775815552739
2013-02-28 10:00:00,0.5595966012828439
2013-03-01 10:00:00,0.559382754741656
2013-03-04 10:00:00,0.5592348033795544
2013-03-05 10:00:00,0.559046679262308
2013-03-06 10:00:00,0.5588764118363034
2013-03-07 10:00:00,0.5586616267623351
2013-03-08 10:00:00,0.5584715959335806
2013-03-11 10:00:00,0.5582837798603888
2013-03-12 10:00:00,0.5580734733945453
2013-03-13 10:00:00,0.5579127984673763
2013-03-14 10:00:00,0.5577087039325673
2013-03-15 10:00:00,0.5574944081282823
2013-03-18 10:00:00,0.5572771928632263
2013-03-19 10:00:00,0.5571099210309641
2013-03-20 10:00:00,0.5570260583463689
2013-03-21 10:00:00,0.5568674095508199
2013-03-22 10:00:00,0.5566696222243472
2013-03-25 10:00:00,0.5564992851957934
2013-03-26 10:00:00,0.5562853309086022
2013-03-28 10:00:00,0.5560876773135568
2013-04-01 10:00:00,0.5558995107098669
2013-04-02 10:00:00,0.5557090892015406
2013-04-03 10:00:00,0.5554990394989223
2013-04-04 10:00:00,0.555486410450597
2013-04-05 10:00:00,0.5552908793522233
2013-04-08 10:00:00,0.555093503128575
2013-04-09 10:00:00,0.5549020599725285
2013-04-10 10:00:00,0.5547033685551955
2013-04-11 10:00:00,0.5544899643589681
2013-04-12 10:00:00,0.5543270923209792
2013-04-15 10:00:00,0.5541212150331634
2013-04-16 10:00:00,0.5539225180073762
2013-04-17 10:00:00,0.5537116377625433
2013-04-18 10:00:00,0.5535245465078145
2013-04-22 10:00:00,0.5533784179995642
2013-04-23 10:00:00,0.5531737349942255
2013-04-25 10:00:00,0.552963256395532
2013-04-26 10:00:00,0.5528160977784263
2013-04-29 10:00:00,0.5526106712962413
2013-04-30 10:00:00,0.5523997141628604
2013-05-02 10:00:00,0.5522656804734428
2013-05-03 10:00:00,0.5520875227428372
2013-05-06 10:00:00,0.5519188500403248
2013-05-07 10:00:00,0.5517177431729978
2013-05-08 10:00:00,0.5516212336450733
2013-05-09 10:00:00,0.5514140315568566
2013-05-10 10:00:00,0.5512046502356907
2013-05-13 10:00:00,0.5510312870074633
2013-05-14 10:00:00,0.5508395343359708
2013-05-15 10:00:00,0.550678348832992
2013-05-16 10:00:00,0.5504720548000083
2013-05-17 10:00:00,0.550320684698354
2013-05-20 10:00:00,0.5501186073590432
2013-05-21 10:00:00,0.5499189567507052
2013-05-22 10:00:00,0.5497114207718828
2013-05-23 10:00:00,0.5495041758371224
2013-05-24 10:00:00,0.5493184606783553
2013-05-27 10:00:00,0.5491608664707035
2013-05-28 10:00:00,0.5489549098304431
2013-05-29 10:00:00,0.5487511136816222
2013-05-30 10:00:00,0.548548235895512
2013-05-31 10:00:00,0.5483431317117855
2013-06-03 10:00:00,0.5481761205233736
2013-06-04 10:00:00,0.548040247285965
2013-06-05 10:00:00,0.5478416815127781
2013-06-06 10:00:00,0.5476393954473857
2013-06-07 10:00:00,0.5474349307062775
2013-06-10 10:00:00,0.5472303473180331
2013-06-11 10:00:00,0.5471394267683958
2013-06-12 10:00:00,0.5469471437231116
2013-06-13 10:00:00,0.5467470751726022
2013-06-14 10:00:00,0.5465929122963563
2013-06-17 10:00:00,0.5464619635955349
2013-06-18 10:00:00,0.5462588793258708
2013-06-19 10:00:00,0.5461121727919312
2013-06-20 10:00:00,0.5459123284192874
2013-06-21 10:00:00,0.545720736900322
2013-06-24 10:00:00,0.545577105058815
2013-06-25 10:00:00,0.545375090007435
2013-06-26 10:00:00,0.5452232066667606
2013-06-27 10:00:00,0.5450232091868054
2013-06-28 10:00:00,0.5451362756717031
2013-07-01 10:00:00,0.5453745327687726
2013-07-02 10:00:00,0.5451756568645509
2013-07-03 10:00:00,0.5449778849584511
2013-07-04 10:00:00,0.5447771370813118
2013-07-05 10:00:00,0.5449879471506461
2013-07-08 10:00:00,0.5448124907594364
2013-07-09 10:00:00,0.544613014625384
2013-07-10 10:00:00,0.5444128869437282
2013-07-11 10:00:00,0.5442173791381568
2013-07-12 10:00:00,0.5440185433418724
2013-07-15 10:00:00,0.5438193731807041
2013-07-16 10:00:00,0.543625909368841
2013-07-17 10:00:00,0.5434267995049362
2013-07-18 10:00:00,0.5433766739894166
2013-07-19 10:00:00,0.5431957707147325
2013-07-22 10:00:00,0.5429988559760218
2013-07-23 10:00:00,0.5432676653690159
2013-07-24 10:00:00,0.5430919984004977
2013-07-25 10:00:00,0.5428939183389951
2013-07-26 10:00:00,0.5427180278749085
2013-07-29 10:00:00,0.542561994547092
2013-07-30 10:00:00,0.5423688003993226
2013-07-31 10:00:00,0.5421872319068145
2013-08-01 10:00:00,0.5420033091722503
2013-08-02 10:00:00,0.5420859013296282
2013-08-05 10:00:00,0.5419242729854109
2013-08-06 10:00:00,0.5418604144880514
2013-08-07 10:00:00,0.5416744038118373
2013-08-08 10:00:00,0.5414794374106201
2013-08-12 10:00:00,0.5414033983221872
2013-08-13 10:00:00,0.5412283890427864
2013-08-14 10:00:00,0.5410329539152088
2013-08-16 10:00:00,0.5409088493352848
2013-08-19 10:00:00,0.5407541799408502
2013-08-20 10:00:00,0.5406556904925854
2013-08-21 10:00:00,0.5405154677349232
2013-08-22 10:00:00,0.5403408384002113
2013-08-23 10:00:00,0.5401623893878233
2013-08-26 10:00:00,0.5399909834267184
2013-08-27 10:00:00,0.5398224484971242
2013-08-28 10:00:00,0.5401043555669676
2013-08-29 10:00:00,0.5399815933527994
2013-08-30 10:00:00,0.5397932437009757
2013-09-02 10:00:00,0.5396243002110078
2013-09-03 10:00:00,0.539436447357574
2013-09-04 10:00:00,0.5396171238899528
2013-09-05 10:00:00,0.5397568659664996
2013-09-06 10:00:00,0.5396679609420111
2013-09-10 10:00:00,0.5394913259964687
2013-09-11 10:00:00,0.5393502555394792
2013-09-12 10:00:00,0.5391580517045985
2013-09-13 10:00:00,0.5392925232088854
2013-09-16 10:00:00,0.5391416920702558
2013-09-17 10:00:00,0.5389663213375897
2013-09-18 10:00:00,0.5387828246891719
2013-09-19 10:00:00,0.5386364153344156
2013-09-20 10:00:00,0.5384591701743991
2013-09-23 10:00:00,0.5383270856777408
2013-09-24 10:00:00,0.5381477736541961
2013-09-25 10:00:00,0.5380082782730545
2013-09-26 10:00:00,0.5378228532318605
2013-09-27 10:00:00,0.5376376348154591
2013-09-30 10:00:00,0.5376249904906092
2013-10-01 10:00:00,0.5374357222135433
2013-10-03 10:00:00,0.537288224563323
2013-10-04 10:00:00,0.5371169331189216
2013-10-07 10:00:00,0.537053952137185
2013-10-08 10:00:00,0.5368757263564745
2013-10-09 10:00:00,0.5367000889709553
2013-10-10 10:00:00,0.5367038673866408
2013-10-11 10:00:00,0.536849486589378
2013-10-14 10:00:00,0.5392392409092502
2013-10-15 10:00:00,0.5391374014809809
2013-10-17 10:00:00,0.5390339073973618
2013-10-18 10:00:00,0.5389368407655312
2013-10-21 10:00:00,0.5387855083247921
2013-10-22 10:00:00,0.539047369075113
2013-10-23 10:00:00,0.5388651274747316
2013-10-24 10:00:00,0.5387243524797272
2013-10-25 10:00:00,0.5387253716697812
2013-10-28 10:00:00,0.5388479061502266
2013-10-29 10:00:00,0.5388056941575557
2013-10-30 10:00:00,0.5386717101185813
2013-10-31 10:00:00,0.5384941152098816
2013-11-01 10:00:00,0.5383142706238302
2013-11-05 10:00:00,0.5381414070981427
2013-11-06 10:00:00,0.5379736444785732
2013-11-07 10:00:00,0.5378578035244393
2013-11-08 10:00:00,0.5377055068872323
2013-11-11 10:00:00,0.5375667601608762
2013-11-12 10:00:00,0.5373831285248241
2013-11-13 10:00:00,0.5372209437001284
2013-11-14 10:00:00,0.5372915794647725
2013-11-18 10:00:00,0.5371510599395427
2013-11-19 10:00:00,0.5369931813683384
2013-11-20 10:00:00,0.5368326050344964
2013-11-21 10:00:00,0.5366510317732661
2013-11-22 10:00:00,0.5364659735665861
2013-11-25 10:00:00,0.5363457730071087
2013-11-26 10:00:00,0.5361708704507216
2013-11-27 10:00:00,0.5360004296157578
2013-11-28 10:00:00,0.5358224484476731
2013-11-29 10:00:00,0.5358557149488863
2013-12-02 10:00:00,0.5356717644591608
2013-12-03 10:00:00,0.535511555520089
2013-12-04 10:00:00,0.5355237173421772
2013-12-05 10:00:00,0.535342713772195
2013-12-06 10:00:00,0.5351810509332062
2013-12-09 10:00:00,0.5350580597619493
2013-12-10 10:00:00,0.5348782950976693
2013-12-11 10:00:00,0.5346963562530783
2013-12-12 10:00:00,0.5345794326137758
2013-12-13 10:00:00,0.5343969701366912
2013-12-16 10:00:00,0.5342484079689003
2013-12-17 10:00:00,0.534156705958858
2013-12-18 10:00:00,0.5340315300329781
2013-12-19 10:00:00,0.5338510536359725
2013-12-20 10:00:00,0.5338207628739079
2013-12-23 10:00:00,0.5336720741639047
2013-12-24 10:00:00,0.5334910703505589
2013-12-26 10:00:00,0.5334012928884839
2013-12-27 10:00:00,0.5332919997741955
2013-12-30 10:00:00,0.5331199836879862
2013-12-31 10:00:00,0.5329606905465583
2014-01-01 10:00:00,0.5327803001107274
2014-01-02 10:00:00,0.532600423724991
2014-01-03 10:00:00,0.532443636442711
2014-01-06 10:00:00,0.5323101856009047
2014-01-07 10:00:00,0.5321533024565419
2014-01-08 10:00:00,0.5321062884104383
2014-01-09 10:00:00,0.5331230146541098
2014-01-10 10:00:00,0.5336695162019899
2014-01-13 10:00:00,0.5335470693096681
2014-01-14 10:00:00,0.5334219438527976
2014-01-15 10:00:00,0.5332522388923855
2014-01-16 10:00:00,0.5330917240684893
2014-01-17 10:00:00,0.5331752035748225
2014-01-20 10:00:00,0.5330971286666158
2014-01-21 10:00:00,0.5329266058271492
2014-01-22 10:00:00,0.5327479927958225
2014-01-23 10:00:00,0.5325917100319556
2014-01-24 10:00:00,0.5324135490334798
2014-01-27 10:00:00,0.5332227498724212
2014-01-28 10:00:00,0.5330449869339303
2014-01-29 10:00:00,0.5328765346979332
2014-01-30 10:00:00,0.5327417195384653
2014-01-31 10:00:00,0.5328398673127906
2014-02-03 10:00:00,0.5326879304347941
2014-02-04 10:00:00,0.5325347165353421
2014-02-05 10:00:00,0.5324214283740559
2014-02-06 10:00:00,0.5322468162750801
2014-02-07 10:00:00,0.5320899687330725
2014-02-10 10:00:00,0.5393861551748173
2014-02-11 10:00:00,0.5392877349775697
2014-02-12 10:00:00,0.5391088362497465
2014-02-13 10:00:00,0.5391405759502467
2014-02-14 10:00:00,0.5390447800393348
2014-02-17 10:00:00,0.5436306509371114
2014-02-18 10:00:00,0.5434515536025873
2014-02-19 10:00:00,0.5433623575250278
2014-02-20 10:00:00,0.5434356803792004
2014-02-21 10:00:00,0.5432810771909249
2014-02-24 10:00:00,0.543411215748126
2014-02-25 10:00:00,0.5432457833953238
2014-02-26 10:00:00,0.5434558384815085
2014-02-28 10:00:00,0.5436092729009625
2014-03-03 10:00:00,0.5436173131373357
2014-03-04 10:00:00,0.5434512428646022
2014-03-05 10:00:00,0.5436334443898135
2014-03-06 10:00:00,0.5448064998388658
2014-03-07 10:00:00,0.544664796210339
2014-03-10 10:00:00,0.5445175296341724
2014-03-11 10:00:00,0.5443550991153303
2014-03-12 10:00:00,0.5443033087189164
2014-03-13 10:00:00,0.5441517456571918
2014-03-14 10:00:00,0.5440387434572426
2014-03-18 10:00:00,0.5439070994530036
2014-03-19 10:00:00,0.5438201331992137
2014-03-20 10:00:00,0.5436548075016023
2014-03-21 10:00:00,0.5434905000088335
2014-03-24 10:00:00,0.5433290084240388
2014-03-25 10:00:00,0.5432331634120673
2014-03-26 10:00:00,0.5433420537841328
2014-03-27 10:00:00,0.5431761109617163
2014-03-28 10:00:00,0.5430100036410453
2014-03-31 10:00:00,0.5428437441926829
2014-04-01 10:00:00,0.5427080646899115
2014-04-02 10:00:00,0.5451370545144719
2014-04-03 10:00:00,0.5449906285193015
2014-04-04 10:00:00,0.5448179727586908
2014-04-07 10:00:00,0.5447100343766945
2014-04-09 10:00:00,0.5445394137928086
2014-04-10 10:00:00,0.5463085391752106
2014-04-11 10:00:00,0.5461574766047332
2014-04-15 10:00:00,0.5463854760736451
2014-04-16 10:00:00,0.5462545113159909
2014-04-17 10:00:00,0.546143333286303
2014-04-21 10:00:00,0.5460516454644808
2014-04-22 10:00:00,0.5459858919954904
2014-04-23 10:00:00,0.5459265177044177
2014-04-24 10:00:00,0.5457511381133949
2014-04-25 10:00:00,0.5456540834529883
2014-04-28 10:00:00,0.5461196578465649
2014-04-29 10:00:00,0.5459521165255508
2014-04-30 10:00:00,0.5458025049478544
2014-05-02 10:00:00,0.5456286749857038
2014-05-05 10:00:00,0.5455590903153117
2014-05-06 10:00:00,0.5454780595265724
2014-05-07 10:00:00,0.545328386263949
2014-05-08 10:00:00,0.5451935993578977
2014-05-09 10:00:00,0.5451345416968506
2014-05-12 10:00:00,0.544962974643378
2014-05-13 10:00:00,0.5448917408520342
2014-05-14 10:00:00,0.5447316689556178
2014-05-15 10:00:00,0.5446107975697022
2014-05-16 10:00:00,0.5448427409525005
2014-05-19 10:00:00,0.544840230167425
2014-05-20 10:00:00,0.5447551132902801
2014-05-21 10:00:00,0.5459240547267393
2014-05-22 10:00:00,0.5459895104494608
2014-05-23 10:00:00,0.545829548855769
2014-05-26 10:00:00,0.5458467915666241
2014-05-27 10:00:00,0.5457910114313542
2014-05-28 10:00:00,0.545618400284295
2014-05-29 10:00:00,0.5454488689887472
2014-05-30 10:00:00,0.5465028524257671
2014-06-02 10:00:00,0.5467089033887409
2014-06-03 10:00:00,0.5467759492024031
2014-06-04 10:00:00,0.5467794388173061
2014-06-05 10:00:00,0.5467144636186482
2014-06-06 10:00:00,0.5465486090200914
2014-06-09 10:00:00,0.54637669199126
2014-06-10 10:00:00,0.5470090459830053
2014-06-11 10:00:00,0.5468803439723618
2014-06-12 10:00:00,0.547008772982189
2014-06-13 10:00:00,0.5468403229303873
2014-06-16 10:00:00,0.5467704246975738
2014-06-17 10:00:00,0.5466467559289776
2014-06-18 10:00:00,0.5471526155937949
2014-06-19 10:00:00,0.5469818827930424
2014-06-20 10:00:00,0.5470929411187168
2014-06-23 10:00:00,0.5470755297061736
2014-06-24 10:00:00,0.5471354522143941
2014-06-25 10:00:00,0.5475566183002745
2014-06-26 10:00:00,0.5475325961545806
2014-06-27 10:00:00,0.5473850516086773
2014-06-30 10:00:00,0.5472142188237182
2014-07-01 10:00:00,0.5473449870540013
2014-07-02 10:00:00,0.5472207675708558
2014-07-03 10:00:00,0.5472512005020356
2014-07-04 10:00:00,0.5470810992555067
2014-07-07 10:00:00,0.5470944627676069
2014-07-08 10:00:00,0.5470782960432371
2014-07-09 10:00:00,0.5472215270519557
2014-07-10 10:00:00,0.5470662528703556
2014-07-11 10:00:00,0.5469023982436791
2014-07-14 10:00:00,0.5467877610285938
2014-07-15 10:00:00,0.5466397429405999
2014-07-16 10:00:00,0.5464740724453138
2014-07-17 10:00:00,0.5463046075738869
2014-07-18 10:00:00,0.5462671307530664
2014-07-21 10:00:00,0.5461155577035247
2014-07-22 10:00:00,0.5459802988410961
2014-07-23 10:00:00,0.5497371821596109
2014-07-24 10:00:00,0.5500827155853011
2014-07-25 10:00:00,0.5499644147381714
2014-07-28 10:00:00,0.5498518793070355
2014-07-30 10:00:00,0.5497961171055646
2014-07-31 10:00:00,0.5497531955335831
2014-08-01 10:00:00,0.5496321730813541
2014-08-04 10:00:00,0.5494953972527787
2014-08-05 10:00:00,0.5493307181843776
2014-08-06 10:00:00,0.5491700814077489
2014-08-07 10:00:00,0.5490635008398593
2014-08-08 10:00:00,0.6371740480785483
2014-08-11 10:00:00,0.6370273947904642
2014-08-12 10:00:00,0.6368326828748857
2014-08-13 10:00:00,0.6367197391036707
2014-08-14 10:00:00,0.6365278056620864
2014-08-18 10:00:00,0.6368750658157215
2014-08-19 10:00:00,0.636743572528239
2014-08-20 10:00:00,0.6365606783356555
2014-08-21 10:00:00,0.6363722688103591
2014-08-22 10:00:00,0.636202893990015
2014-08-25 10:00:00,0.6360113034829253
2014-08-26 10:00:00,0.6358568608540842
2014-08-27 10:00:00,0.6356656291869627
2014-08-28 10:00:00,0.6355211464007265
2014-09-01 10:00:00,0.6353399001348438
2014-09-02 10:00:00,0.6351663378321322
2014-09-03 10:00:00,0.6350502083075736
2014-09-04 10:00:00,0.6399339838983464
2014-09-05 10:00:00,0.6399125554861782
2014-09-08 10:00:00,0.6397345246282188
2014-09-09 10:00:00,0.6395408812933567
2014-09-10 10:00:00,0.6393842888699648
2014-09-11 10:00:00,0.6392087665238105
2014-09-12 10:00:00,0.6390518808546779
2014-09-15 10:00:00,0.6410152763081183
2014-09-16 10:00:00,0.6408798374737107
2014-09-17 10:00:00,0.6407199324680397
2014-09-18 10:00:00,0.6406468311284299
2014-09-19 10:00:00,0.6406246956941711
2014-09-22 10:00:00,0.6420979682892484
2014-09-23 10:00:00,0.6419362516817748
2014-09-24 10:00:00,0.6418551386651496
2014-09-25 10:00:00,0.6423603870397199
2014-09-26 10:00:00,0.6421670463708339
2014-09-29 10:00:00,0.6419741785716812
2014-09-30 10:00:00,0.6418434861414326
2014-10-01 10:00:00,0.6416507167187507
2014-10-07 10:00:00,0.6424880663788769
2014-10-08 10:00:00,0.6423408064489531
2014-10-09 10:00:00,0.6422466443735346
2014-10-10 10:00:00,0.6420732140140799
2014-10-13 10:00:00,0.6418808105064926
2014-10-14 10:00:00,0.6416886683519444
2014-10-15 10:00:00,0.641497383582658
2014-10-16 10:00:00,0.6413284883008222
2014-10-17 10:00:00,0.6411554350296992
2014-10-20 10:00:00,0.6409639120671513
2014-10-21 10:00:00,0.6438259297887708
2014-10-22 10:00:00,0.6445115213071977
2014-10-27 10:00:00,0.6443260608904743
2014-10-28 10:00:00,0.6442966977296912
2014-10-29 10:00:00,0.6441060367074068
2014-10-30 10:00:00,0.6439377422258065
2014-10-31 10:00:00,0.6438472674749158
2014-11-03 10:00:00,0.6436798405773277
2014-11-05 10:00:00,0.6435460078739519
2014-11-07 10:00:00,0.650922084362685
2014-11-10 10:00:00,0.650882128613424
2014-11-11 10:00:00,0.6510032907082103
2014-11-12 10:00:00,0.6512556352129043
2014-11-13 10:00:00,0.6510839682054015
2014-11-14 10:00:00,0.650905195743341
2014-11-17 10:00:00,0.651157035317778
2014-11-18 10:00:00,0.6509651658404646
2014-11-19 10:00:00,0.6508264541628914
2014-11-20 10:00:00,0.6506407611900952
2014-11-21 10:00:00,0.6504496572776908
2014-11-24 10:00:00,0.6502625162183819
2014-11-25 10:00:00,0.6500719317821652
2014-11-26 10:00:00,0.6498921199039825
2014-11-27 10:00:00,0.6500396675483726
2014-11-28 10:00:00,0.6498626538929256
2014-12-01 10:00:00,0.650040316901662
2014-12-02 10:00:00,0.6498599526346931
2014-12-03 10:00:00,0.6497040750572081
2014-12-04 10:00:00,0.6495285220150496
2014-12-05 10:00:00,0.649341533827928
2014-12-08 10:00:00,0.6492328473832317
2014-12-09 10:00:00,0.649302569878311
2014-12-10 10:00:00,0.649240980723331
2014-12-11 10:00:00,0.6491443769485912
2014-12-12 10:00:00,0.648966285017222
2014-12-15 10:00:00,0.6488594609217716
2014-12-16 10:00:00,0.64867016953304
2014-12-17 10:00:00,0.6485882947641343
2014-12-18 10:00:00,0.6493601694483828
2014-12-19 10:00:00,0.6493491542923756
2014-12-22 10:00:00,0.6492007618526642
2014-12-23 10:00:00,0.6490157869968685
2014-12-24 10:00:00,0.6488274704451882
2014-12-26 10:00:00,0.6486468315537786
2014-12-29 10:00:00,0.6484623926579203
2014-12-30 10:00:00,0.6482794165691633
2014-12-31 10:00:00,0.648143893947012
2015-01-01 10:00:00,0.6480074381181543
2015-01-02 10:00:00,0.6478604088508015
2015-01-05 10:00:00,0.647753053551619
2015-01-06 10:00:00,0.6475751371468138
2015-01-07 10:00:00,0.6474266860973383
2015-01-08 10:00:00,0.6472599847708255
2015-01-09 10:00:00,0.6470727867465995
2015-01-12 10:00:00,0.646922232236553
2015-01-13 10:00:00,0.6467624695516629
2015-01-14 10:00:00,0.6466067549430334
2015-01-15 10:00:00,0.6464864444940792
2015-01-16 10:00:00,0.6462998952192794
2015-01-19 10:00:00,0.6461160522082471
2015-01-20 10:00:00,0.645930517411562
2015-01-21 10:00:00,0.6457843780798371
2015-01-22 10:00:00,0.6456492639283172
2015-01-23 10:00:00,0.645620514488682
2015-01-27 10:00:00,0.645439202041862
2015-01-28 10:00:00,0.6555019293037633
2015-01-29 10:00:00,0.6553195589162866
2015-01-30 10:00:00,0.6551430468254995
2015-02-02 10:00:00,0.6549857475417851
2015-02-03 10:00:00,0.6548286285468375
2015-02-04 10:00:00,0.6546900206701086
2015-02-05 10:00:00,0.6545154324241385
2015-02-06 10:00:00,0.6543733682562121
2015-02-09 10:00:00,0.654224909583894
2015-02-10 10:00:00,0.6540389084808724
2015-02-11 10:00:00,0.6538529562380156
2015-02-12 10:00:00,0.6536921724955098
2015-02-13 10:00:00,0.6535054856088803
2015-02-16 10:00:00,0.6533737114382873
2015-02-18 10:00:00,0.6534679325452868
2015-02-19 10:00:00,0.6535673812057277
2015-02-20 10:00:00,0.6536423249516125
2015-02-23 10:00:00,0.6535189721797071
2015-02-24 10:00:00,0.653343946903095
2015-02-25 10:00:00,0.6531950008841422
2015-02-26 10:00:00,0.6531233127999441
2015-02-27 10:00:00,0.6529411539772826
2015-03-02 10:00:00,0.653483213869814
2015-03-03 10:00:00,0.653554115080278
2015-03-04 10:00:00,0.6534710443296324
2015-03-05 10:00:00,0.653452016335954
2015-03-09 10:00:00,0.6532838521866013
2015-03-10 10:00:00,0.6531668958582132
2015-03-11 10:00:00,0.6530073771729188
2015-03-12 10:00:00,0.6528698953202202
2015-03-13 10:00:00,0.6527248048377889
2015-03-16 10:00:00,0.6525405792045665
2015-03-17 10:00:00,0.6524027886776814
2015-03-18 10:00:00,0.6522241867356441
2015-03-19 10:00:00,0.6520402677025713
2015-03-20 10:00:00,0.6519726271478381
2015-03-23 10:00:00,0.651876679422584
2015-03-24 10:00:00,0.6517083600520062
2015-03-25 10:00:00,0.651543193744421
2015-03-26 10:00:00,0.6513679501565545
2015-03-27 10:00:00,0.6512058455974461
2015-03-30 10:00:00,0.6511742148847461
2015-03-31 10:00:00,0.6509913783889528
2015-04-01 10:00:00,0.6508087003088154
2015-04-06 10:00:00,0.6508403347183553
2015-04-07 10:00:00,0.6508371849852543
2015-04-08 10:00:00,0.6506563112560236
2015-04-09 10:00:00,0.6505265111269485
2015-04-10 10:00:00,0.6504122075936866
2015-04-13 10:00:00,0.6503030865236454
2015-04-15 10:00:00,0.6502366766646163
2015-04-16 10:00:00,0.6510468301917536
2015-04-17 10:00:00,0.6509939919280965
2015-04-20 10:00:00,0.6514253584561507
2015-04-21 10:00:00,0.6512451206758952
2015-04-22 10:00:00,0.651100297573522
2015-04-23 10:00:00,0.6525663698291481
2015-04-24 10:00:00,0.6526082748888788
2015-04-27 10:00:00,0.653118244732205
2015-04-28 10:00:00,0.6529446006826556
2015-04-29 10:00:00,0.6528936463833147
2015-04-30 10:00:00,0.657986077013515
2015-05-04 10:00:00,0.6580046615654975
2015-05-05 10:00:00,0.657889521012013
2015-05-06 10:00:00,0.6578292500387191
2015-05-07 10:00:00,0.659257562720833
2015-05-08 10:00:00,0.659105629803671
2015-05-11 10:00:00,0.6590092940379569
2015-05-12 10:00:00,0.6588279575148772
2015-05-13 10:00:00,0.658708444934555
2015-05-14 10:00:00,0.6585602624982991
2015-05-15 10:00:00,0.6583784704871768
2015-05-18 10:00:00,0.658321616752869
2015-05-19 10:00:00,0.6581487059928198
2015-05-20 10:00:00,0.6579700327823004
2015-05-21 10:00:00,0.6578024717170573
2015-05-22 10:00:00,0.6576258417077225
2015-05-25 10:00:00,0.6574587021570963
2015-05-26 10:00:00,0.6572810028956534
2015-05-27 10:00:00,0.6571552601265446
2015-05-28 10:00:00,0.6571188223312302
2015-05-29 10:00:00,0.6570905810389515
2015-06-01 10:00:00,0.6569452350897032
2015-06-02 10:00:00,0.6568763774826264
2015-06-03 10:00:00,0.6566993381003002
2015-06-04 10:00:00,0.6565558072916267
2015-06-05 10:00:00,0.6574695131859395
2015-06-08 10:00:00,0.6572894626287774
2015-06-09 10:00:00,0.6571420493984403
2015-06-10 10:00:00,0.6569903391192854
2015-06-11 10:00:00,0.6568463329259979
2015-06-12 10:00:00,0.6566773161008032
2015-06-15 10:00:00,0.6568402307685264
2015-06-16 10:00:00,0.6566732328690988
2015-06-17 10:00:00,0.6565232426151948
2015-06-18 10:00:00,0.6567852362798973
2015-06-19 10:00:00,0.6566074873328267
2015-06-22 10:00:00,0.6576809980074523
2015-06-23 10:00:00,0.6575213326255549
2015-06-24 10:00:00,0.657386789562938
2015-06-25 10:00:00,0.6572095290836442
2015-06-26 10:00:00,0.6570629977393334
2015-06-29 10:00:00,0.6570301357513557
2015-06-30 10:00:00,0.6570534623208913
2015-07-01 10:00:00,0.6569009716641234
2015-07-02 10:00:00,0.656729182008823
2015-07-03 10:00:00,0.658964428442508
2015-07-06 10:00:00,0.6588144062707211
2015-07-07 10:00:00,0.6586487841235396
2015-07-08 10:00:00,0.6642338683467839
2015-07-09 10:00:00,0.6641212804795769
2015-07-10 10:00:00,0.663950824737489
2015-07-13 10:00:00,0.6638047179700137
2015-07-14 10:00:00,0.6681800161545659
2015-07-15 10:00:00,0.6680007164302836
2015-07-16 10:00:00,0.6678207425816787
2015-07-17 10:00:00,0.6676413510836823
2015-07-20 10:00:00,0.6674615517083848
2015-07-21 10:00:00,0.6672954910124063
2015-07-22 10:00:00,0.6671176213240363
2015-07-23 10:00:00,0.6670177080250331
2015-07-24 10:00:00,0.6674903662349095
2015-07-27 10:00:00,0.6673815332871712
2015-07-28 10:00:00,0.6672188533688661
2015-07-29 10:00:00,0.6670404002252077
2015-07-30 10:00:00,0.666868081330078
2015-07-31 10:00:00,0.6666900478959079
2015-08-03 10:00:00,0.6665259750043561
2015-08-04 10:00:00,0.6663977794801847
2015-08-05 10:00:00,0.6718172373059348
2015-08-06 10:00:00,0.6724367873328125
2015-08-07 10:00:00,0.6722753000200189
2015-08-10 10:00:00,0.6721295900840157
2015-08-11 10:00:00,0.6720376846702207
2015-08-12 10:00:00,0.6735012894585064
2015-08-13 10:00:00,0.6735599793720757
2015-08-14 10:00:00,0.6739868890362347
2015-08-17 10:00:00,0.6738082429165055
2015-08-18 10:00:00,0.673653961926979
2015-08-19 10:00:00,0.6734850626338751
2015-08-20 10:00:00,0.6733112555552937
2015-08-21 10:00:00,0.6731326338412925
2015-08-24 10:00:00,0.6746264229401753
2015-08-25 10:00:00,0.6744479144064267
2015-08-26 10:00:00,0.6744068214278167
2015-08-27 10:00:00,0.6742948783941177
2015-08-28 10:00:00,0.6741161580222285
2015-08-31 10:00:00,0.6740334006368712
2015-09-01 10:00:00,0.6739450896852771
2015-09-02 10:00:00,0.6738056070639472
2015-09-03 10:00:00,0.6736395939100615
2015-09-04 10:00:00,0.6734887226457735
2015-09-07 10:00:00,0.6733594199128505
2015-09-08 10:00:00,0.6731949176077816
2015-09-09 10:00:00,0.6746048361978123
2015-09-10 10:00:00,0.6744334924029319
2015-09-11 10:00:00,0.6742640715837428
2015-09-14 10:00:00,0.674086583560303
2015-09-15 10:00:00,0.6740299416724056
2015-09-16 10:00:00,0.6738565183217793
2015-09-18 10:00:00,0.6736937879639067
2015-09-21 10:00:00,0.6735175842625324
2015-09-22 10:00:00,0.6733478968574441
2015-09-23 10:00:00,0.6731710547904335
2015-09-24 10:00:00,0.673007307846075
2015-09-28 10:00:00,0.6732944059201927
2015-09-29 10:00:00,0.6731197079568474
2015-09-30 10:00:00,0.6733245489047115
2015-10-01 10:00:00,0.6731500959400628
2015-10-05 10:00:00,0.6729834711874495
2015-10-06 10:00:00,0.6728258930695105
2015-10-07 10:00:00,0.6726502587721089
2015-10-08 10:00:00,0.6724745194565029
2015-10-09 10:00:00,0.6723327611759754
2015-10-12 10:00:00,0.6721571390073527
2015-10-13 10:00:00,0.6719817659808959
2015-10-14 10:00:00,0.6718067040964082
2015-10-15 10:00:00,0.6716979111316406
2015-10-16 10:00:00,0.672478143226521
2015-10-19 10:00:00,0.6723069739302951
2015-10-20 10:00:00,0.6721323544650151
2015-10-21 10:00:00,0.67204161560744
2015-10-23 10:00:00,0.6719332343847852
2015-10-26 10:00:00,0.6717972373768527
2015-10-27 10:00:00,0.6716228301878674
2015-10-28 10:00:00,0.6715461888014782
2015-10-29 10:00:00,0.6713917698972189
2015-10-30 10:00:00,0.6712265799532706
2015-11-02 10:00:00,0.671062227348152
2015-11-03 10:00:00,0.67275945571652
2015-11-04 10:00:00,0.6726102437160548
2015-11-05 10:00:00,0.6724927382360563
2015-11-06 10:00:00,0.672342539137232
2015-11-09 10:00:00,0.672364063622775
2015-11-10 10:00:00,0.6721992874541294
2015-11-13 10:00:00,0.6720259459587493
2015-11-16 10:00:00,0.6718559142200501
2015-11-17 10:00:00,0.671682906906499
2015-11-18 10:00:00,0.67150951823037
2015-11-19 10:00:00,0.6713475624220887
2015-11-20 10:00:00,0.6712105600438734
2015-11-23 10:00:00,0.6710802347994833
2015-11-24 10:00:00,0.6709131980169001
2015-11-26 10:00:00,0.6708098404954553
2015-11-27 10:00:00,0.6707200744690799
2015-11-30 10:00:00,0.67158352323654
2015-12-01 10:00:00,0.6714208759162288
2015-12-02 10:00:00,0.6712522979743244
2015-12-03 10:00:00,0.6710845012557122
2015-12-04 10:00:00,0.670924006647486
2015-12-07 10:00:00,0.6707518798132649
2015-12-08 10:00:00,0.6705800244219211
2015-12-09 10:00:00,0.670460139436372
2015-12-10 10:00:00,0.670312014999336
2015-12-11 10:00:00,0.6701494534992185
2015-12-14 10:00:00,0.6699948337724783
2015-12-15 10:00:00,0.6698738009384702
2015-12-16 10:00:00,0.6697029882353949
2015-12-17 10:00:00,0.6696283790705616
2015-12-18 10:00:00,0.6694632003800697
2015-12-21 10:00:00,0.6692981454757276
2015-12-22 10:00:00,0.6693769547540916
2015-12-23 10:00:00,0.6692104068895688
2015-12-24 10:00:00,0.6698427650633728
2015-12-28 10:00:00,0.669672126428663
2015-12-29 10:00:00,0.6695024929220788
2015-12-30 10:00:00,0.669350864339781
2015-12-31 10:00:00,0.6691948599144647
